Order_ID,Order_Date,Customer_ID,Product_Name,Category,Quantity,Unit_Price,Total_Sales
1,2024-10-20,107,Tennis Racket,Sports,4,1921,7684
2,2024-12-11,1386,Tablet,Electronics,3,452,1356
3,2024-07-09,993,Tablet,Electronics,4,1611,6444
4,2024-11-16,902,Sofa,Home & Garden,2,313,626
5,2024-08-22,633,Cricket Bat,Sports,1,580,580
6,2024-05-09,725,Dress,Clothing,1,1930,1930
7,2024-08-23,503,Football,Sports,5,1843,9215
8,2024-11-19,639,Fiction Book,Books,3,217,651
9,2024-04-16,815,Dumbbells,Sports,5,1811,9055
10,2024-12-23,984,Tablet,Electronics,1,816,816
11,2024-04-16,1357,Laptop,Electronics,4,1675,6700
12,2024-09-28,80,T-Shirt,Clothing,1,470,470
13,2024-03-17,473,History Book,Books,5,774,3870
14,2024-08-24,664,History Book,Books,3,768,2304
15,2024-04-08,890,Jacket,Clothing,5,1665,8325
16,2024-07-05,558,Jacket,Clothing,5,110,550
17,2024-06-16,834,Smartwatch,Electronics,2,1055,2110
18,2024-05-13,418,Headphones,Electronics,1,827,827
19,2024-06-13,638,Headphones,Electronics,5,625,3125
20,2024-07-25,1441,History Book,Books,3,1145,3435
21,2024-02-23,1197,Laptop,Electronics,3,1937,5811
22,2024-06-12,310,Fiction Book,Books,5,553,2765
23,2024-07-24,1385,Headphones,Electronics,3,396,1188
24,2024-05-26,1169,Jeans,Clothing,3,80,240
25,2024-07-16,1115,Sofa,Home & Garden,2,723,1446
26,2024-11-22,1144,Sofa,Home & Garden,5,1073,5365
27,2024-07-08,562,Smartwatch,Electronics,2,1382,2764
28,2024-07-14,811,Shoes,Clothing,3,691,2073
29,2024-12-28,319,Cricket Bat,Sports,4,741,2964
30,2024-09-20,1048,Smartwatch,Electronics,2,1094,2188
31,2024-02-04,463,Tablet,Electronics,5,1321,6605
32,2024-09-30,736,History Book,Books,1,873,873
33,2024-04-05,1043,Jeans,Clothing,4,484,1936
34,2024-03-23,1178,Football,Sports,2,202,404
35,2024-04-04,1348,Chair,Home & Garden,5,1819,9095
36,2024-04-12,809,Fiction Book,Books,3,1904,5712
37,2024-10-03,1441,Dumbbells,Sports,2,1817,3634
38,2024-07-11,682,Jacket,Clothing,2,212,424
39,2024-06-06,1333,Cricket Bat,Sports,2,669,1338
40,2024-10-01,1081,Jacket,Clothing,1,824,824
41,2024-07-24,1391,Cookware,Home & Garden,2,877,1754
42,2024-06-22,285,Headphones,Electronics,4,539,2156
43,2024-03-13,1413,Smartwatch,Electronics,2,1125,2250
44,2024-03-23,385,Tablet,Electronics,2,1468,2936
45,2024-01-01,190,T-Shirt,Clothing,3,1998,5994
46,2024-12-01,622,Mixer,Home & Garden,3,1274,3822
47,2024-07-07,1062,Mobile,Electronics,5,22,110
48,2024-07-26,1118,Biography,Books,5,979,4895
49,2024-05-21,662,Science Book,Books,5,226,1130
50,2024-08-19,857,Smartwatch,Electronics,2,1948,3896
51,2024-01-28,1234,Jeans,Clothing,2,1128,2256
52,2024-11-19,1112,Tablet,Electronics,2,159,318
53,2024-08-10,261,Cricket Bat,Sports,5,749,3745
54,2024-12-20,972,Yoga Mat,Sports,3,771,2313
55,2024-05-01,1497,Headphones,Electronics,5,627,3135
56,2024-12-19,1065,Cookware,Home & Garden,3,581,1743
57,2024-08-21,72,Tennis Racket,Sports,1,1229,1229
58,2024-08-20,893,Headphones,Electronics,1,848,848
59,2024-02-01,472,Chair,Home & Garden,4,1289,5156
60,2024-01-14,1369,Sofa,Home & Garden,4,1676,6704
61,2024-05-27,1482,Yoga Mat,Sports,4,1751,7004
62,2024-05-09,1390,Cookware,Home & Garden,1,482,482
63,2024-12-10,543,Jacket,Clothing,1,1265,1265
64,2024-12-22,531,Jeans,Clothing,5,149,745
65,2024-11-29,1422,Tennis Racket,Sports,3,1593,4779
66,2024-08-06,9,Shoes,Clothing,3,1727,5181
67,2024-10-11,84,T-Shirt,Clothing,3,520,1560
68,2024-07-12,788,Football,Sports,2,561,1122
69,2024-11-05,160,Mobile,Electronics,4,1646,6584
70,2024-12-17,278,Tablet,Electronics,2,484,968
71,2024-07-31,24,Cricket Bat,Sports,5,553,2765
72,2024-12-17,1063,Tennis Racket,Sports,1,1612,1612
73,2024-03-14,687,Jeans,Clothing,3,1109,3327
74,2024-03-03,1144,Mobile,Electronics,1,1608,1608
75,2024-05-24,204,History Book,Books,5,1811,9055
76,2024-07-31,371,Mixer,Home & Garden,2,797,1594
77,2024-03-24,144,Jeans,Clothing,4,882,3528
78,2024-03-10,262,Dumbbells,Sports,3,1044,3132
79,2024-09-01,1284,Shoes,Clothing,1,444,444
80,2024-11-02,26,Chair,Home & Garden,3,1832,5496
81,2024-08-12,785,Mobile,Electronics,5,818,4090
82,2024-01-29,330,Jeans,Clothing,3,1976,5928
83,2024-02-05,1113,Biography,Books,3,920,2760
84,2024-01-13,1443,Laptop,Electronics,3,1537,4611
85,2024-08-11,1322,Shoes,Clothing,2,1867,3734
86,2024-07-03,150,Mixer,Home & Garden,5,1048,5240
87,2024-05-01,153,Tennis Racket,Sports,2,1067,2134
88,2024-05-31,274,Jacket,Clothing,2,1203,2406
89,2024-03-06,648,T-Shirt,Clothing,4,1838,7352
90,2024-12-29,16,Dumbbells,Sports,5,1890,9450
91,2024-05-30,6,Dress,Clothing,1,940,940
92,2024-04-03,323,Cookware,Home & Garden,3,1722,5166
93,2024-07-22,1487,Dress,Clothing,5,1772,8860
94,2024-08-29,266,Mobile,Electronics,5,110,550
95,2024-03-04,1386,Laptop,Electronics,4,1031,4124
96,2024-02-09,567,Mixer,Home & Garden,4,1926,7704
97,2024-02-18,938,Jeans,Clothing,2,1487,2974
98,2024-11-11,774,Yoga Mat,Sports,5,1528,7640
99,2024-04-25,1052,Tablet,Electronics,4,1625,6500
100,2024-10-06,1376,Tennis Racket,Sports,4,1667,6668
101,2024-07-31,1259,Jeans,Clothing,4,399,1596
102,2024-03-20,1249,Biography,Books,2,1141,2282
103,2024-10-16,84,T-Shirt,Clothing,4,1079,4316
104,2024-10-24,859,Jacket,Clothing,2,1065,2130
105,2024-10-12,1049,Smartwatch,Electronics,2,1814,3628
106,2024-12-30,528,Sofa,Home & Garden,4,1254,5016
107,2024-08-31,849,Yoga Mat,Sports,5,1345,6725
108,2024-07-29,1284,Shoes,Clothing,4,1037,4148
109,2024-09-24,1411,Tablet,Electronics,1,527,527
110,2024-02-10,627,Sofa,Home & Garden,5,511,2555
111,2024-01-16,80,Jeans,Clothing,4,645,2580
112,2024-03-19,1390,Smartwatch,Electronics,2,1624,3248
113,2024-08-29,292,Headphones,Electronics,4,1895,7580
114,2024-03-25,147,Yoga Mat,Sports,1,1784,1784
115,2024-02-28,593,Science Book,Books,1,761,761
116,2024-10-14,780,Football,Sports,2,1695,3390
117,2024-01-20,219,Fiction Book,Books,3,1960,5880
118,2024-07-26,1443,T-Shirt,Clothing,1,1010,1010
119,2024-04-12,166,Fiction Book,Books,2,1070,2140
120,2024-07-11,297,Biography,Books,2,1660,3320
121,2024-08-20,1494,Tablet,Electronics,5,1886,9430
122,2024-10-31,1119,Tablet,Electronics,3,496,1488
123,2024-04-03,725,Fiction Book,Books,5,1546,7730
124,2024-03-30,1482,Jeans,Clothing,2,1582,3164
125,2024-01-11,504,Yoga Mat,Sports,5,656,3280
126,2024-03-21,996,Fiction Book,Books,3,1359,4077
127,2024-09-28,1005,Tennis Racket,Sports,1,410,410
128,2024-04-26,668,Cookware,Home & Garden,5,1352,6760
129,2024-01-06,1294,Dumbbells,Sports,3,1534,4602
130,2024-06-28,1219,Jeans,Clothing,2,1587,3174
131,2024-05-22,757,Jacket,Clothing,3,793,2379
132,2024-08-17,533,Fiction Book,Books,2,1689,3378
133,2024-02-13,363,T-Shirt,Clothing,4,545,2180
134,2024-06-08,360,Lamp,Home & Garden,2,1982,3964
135,2024-05-06,6,Laptop,Electronics,3,805,2415
136,2024-10-07,584,Dress,Clothing,3,1360,4080
137,2024-12-31,17,Dress,Clothing,5,1458,7290
138,2024-07-15,759,Science Book,Books,2,1837,3674
139,2024-11-29,1218,Comics,Books,2,808,1616
140,2024-01-16,759,T-Shirt,Clothing,3,1028,3084
141,2024-08-09,1143,Jeans,Clothing,2,1543,3086
142,2024-10-20,1163,Fiction Book,Books,4,316,1264
143,2024-01-01,292,Football,Sports,3,1695,5085
144,2024-03-07,1055,Mixer,Home & Garden,1,1094,1094
145,2024-05-01,1259,Biography,Books,5,772,3860
146,2024-02-07,126,Yoga Mat,Sports,4,982,3928
147,2024-04-18,1171,Headphones,Electronics,1,1461,1461
148,2024-06-05,281,Biography,Books,4,1402,5608
149,2024-12-25,136,Football,Sports,5,304,1520
150,2024-07-16,243,Biography,Books,2,783,1566
151,2024-11-28,1439,Mobile,Electronics,5,1701,8505
152,2024-02-06,33,Dress,Clothing,1,318,318
153,2024-01-06,1238,T-Shirt,Clothing,2,1593,3186
154,2024-09-22,545,Chair,Home & Garden,3,1306,3918
155,2024-02-20,617,Dumbbells,Sports,2,1433,2866
156,2024-03-14,461,Lamp,Home & Garden,5,398,1990
157,2024-05-29,1425,Tablet,Electronics,2,1128,2256
158,2024-08-30,354,T-Shirt,Clothing,5,857,4285
159,2024-06-13,6,Biography,Books,4,204,816
160,2024-04-01,949,Shoes,Clothing,1,596,596
161,2024-11-18,388,Laptop,Electronics,5,992,4960
162,2024-05-19,870,Cricket Bat,Sports,4,1103,4412
163,2024-10-19,467,Smartwatch,Electronics,4,547,2188
164,2024-12-07,1277,Biography,Books,2,1168,2336
165,2024-03-30,11,Cricket Bat,Sports,1,851,851
166,2024-08-10,120,Tablet,Electronics,2,587,1174
167,2024-05-23,790,Cricket Bat,Sports,4,461,1844
168,2024-09-10,679,Cookware,Home & Garden,2,1375,2750
169,2024-05-18,790,Dress,Clothing,2,532,1064
170,2024-05-28,907,Yoga Mat,Sports,5,1669,8345
171,2024-04-07,575,History Book,Books,4,992,3968
172,2024-08-17,889,Shoes,Clothing,5,1080,5400
173,2024-07-24,1461,Comics,Books,2,927,1854
174,2024-10-26,442,Yoga Mat,Sports,2,429,858
175,2024-08-24,783,Comics,Books,1,464,464
176,2024-05-02,1105,Dumbbells,Sports,1,1192,1192
177,2024-07-22,791,T-Shirt,Clothing,4,1108,4432
178,2024-11-18,178,Biography,Books,1,1605,1605
179,2024-03-29,18,Fiction Book,Books,4,1914,7656
180,2024-05-18,100,Jacket,Clothing,1,958,958
181,2024-02-22,1240,Jacket,Clothing,3,689,2067
182,2024-04-24,657,Shoes,Clothing,2,440,880
183,2024-06-09,436,Cricket Bat,Sports,1,1768,1768
184,2024-03-05,144,Dress,Clothing,3,831,2493
185,2024-01-06,872,Jeans,Clothing,5,94,470
186,2024-06-02,852,Tennis Racket,Sports,4,62,248
187,2024-03-17,876,Dress,Clothing,3,1995,5985
188,2024-09-29,553,Mobile,Electronics,4,1296,5184
189,2024-11-16,1184,Cricket Bat,Sports,4,356,1424
190,2024-05-13,953,Science Book,Books,5,12,60
191,2024-12-04,1466,Yoga Mat,Sports,1,717,717
192,2024-04-16,796,Cricket Bat,Sports,1,1955,1955
193,2024-05-19,381,Jeans,Clothing,5,662,3310
194,2024-10-21,1131,Comics,Books,5,602,3010
195,2024-02-08,913,Jeans,Clothing,2,352,704
196,2024-06-10,546,Jacket,Clothing,3,449,1347
197,2024-07-27,921,Dumbbells,Sports,4,1436,5744
198,2024-05-25,674,Tennis Racket,Sports,2,849,1698
199,2024-08-03,925,Biography,Books,3,24,72
200,2024-01-23,1265,Tablet,Electronics,1,823,823
201,2024-06-21,1170,Chair,Home & Garden,5,749,3745
202,2024-08-25,566,T-Shirt,Clothing,3,1481,4443
203,2024-05-24,589,Dumbbells,Sports,3,1162,3486
204,2024-10-01,410,Sofa,Home & Garden,2,818,1636
205,2024-12-16,1486,Chair,Home & Garden,1,1102,1102
206,2024-09-05,545,Dress,Clothing,4,520,2080
207,2024-10-06,1036,Jeans,Clothing,3,340,1020
208,2024-03-12,1228,Sofa,Home & Garden,3,1822,5466
209,2024-12-30,1466,Lamp,Home & Garden,2,1197,2394
210,2024-10-06,1041,Dumbbells,Sports,2,650,1300
211,2024-09-09,836,Jeans,Clothing,1,522,522
212,2024-03-15,805,Cookware,Home & Garden,1,174,174
213,2024-07-21,1027,Science Book,Books,4,190,760
214,2024-10-02,408,Comics,Books,2,217,434
215,2024-03-16,1295,Tablet,Electronics,1,1515,1515
216,2024-12-15,445,Shoes,Clothing,1,1849,1849
217,2024-03-19,1177,Yoga Mat,Sports,2,1287,2574
218,2024-01-31,32,Headphones,Electronics,3,231,693
219,2024-03-02,160,Sofa,Home & Garden,5,1787,8935
220,2024-09-20,417,Mobile,Electronics,4,194,776
221,2024-05-02,734,Fiction Book,Books,4,663,2652
222,2024-09-21,943,History Book,Books,1,1378,1378
223,2024-09-24,1458,Fiction Book,Books,3,993,2979
224,2024-02-25,272,Cookware,Home & Garden,3,1282,3846
225,2024-05-27,1433,Yoga Mat,Sports,5,245,1225
226,2024-04-18,1383,Fiction Book,Books,1,924,924
227,2024-09-05,247,Mixer,Home & Garden,5,606,3030
228,2024-02-07,586,Chair,Home & Garden,4,276,1104
229,2024-04-19,344,Shoes,Clothing,3,1759,5277
230,2024-08-02,1277,Jacket,Clothing,4,1970,7880
231,2024-08-18,1500,Shoes,Clothing,2,907,1814
232,2024-05-22,1381,Mobile,Electronics,3,214,642
233,2024-03-18,19,Comics,Books,2,945,1890
234,2024-12-28,1208,Mobile,Electronics,2,454,908
235,2024-12-12,979,Cricket Bat,Sports,2,776,1552
236,2024-08-19,788,Dress,Clothing,2,584,1168
237,2024-07-27,1341,Laptop,Electronics,3,1317,3951
238,2024-03-21,1387,Sofa,Home & Garden,4,1412,5648
239,2024-09-16,486,Lamp,Home & Garden,5,1071,5355
240,2024-06-01,883,Cricket Bat,Sports,3,1705,5115
241,2024-12-22,915,Dumbbells,Sports,2,19,38
242,2024-04-21,1285,Jeans,Clothing,3,27,81
243,2024-12-24,1413,Tennis Racket,Sports,5,487,2435
244,2024-03-31,218,Yoga Mat,Sports,5,709,3545
245,2024-10-15,709,Yoga Mat,Sports,4,1232,4928
246,2024-12-23,1037,T-Shirt,Clothing,5,295,1475
247,2024-09-03,1109,Comics,Books,4,1100,4400
248,2024-12-22,1322,Sofa,Home & Garden,4,1731,6924
249,2024-01-25,844,Mobile,Electronics,2,1588,3176
250,2024-10-01,447,Biography,Books,3,1492,4476
251,2024-03-29,1010,Yoga Mat,Sports,4,708,2832
252,2024-02-29,1428,Science Book,Books,4,1031,4124
253,2024-07-06,532,Yoga Mat,Sports,4,420,1680
254,2024-07-24,112,Smartwatch,Electronics,4,652,2608
255,2024-06-04,304,Dress,Clothing,4,1948,7792
256,2024-03-28,332,T-Shirt,Clothing,4,1310,5240
257,2024-11-03,394,Dumbbells,Sports,4,1186,4744
258,2024-05-16,1161,Cookware,Home & Garden,5,791,3955
259,2024-02-23,624,Dress,Clothing,1,408,408
260,2024-05-02,874,Cookware,Home & Garden,3,640,1920
261,2024-07-30,1251,Laptop,Electronics,4,1258,5032
262,2024-05-15,658,Fiction Book,Books,2,987,1974
263,2024-05-11,866,Dumbbells,Sports,1,48,48
264,2024-08-23,248,Fiction Book,Books,5,1045,5225
265,2024-07-05,737,Laptop,Electronics,4,365,1460
266,2024-04-26,1457,Dress,Clothing,4,226,904
267,2024-10-26,446,Sofa,Home & Garden,4,1847,7388
268,2024-11-02,1173,Biography,Books,1,96,96
269,2024-11-20,1182,Mixer,Home & Garden,1,859,859
270,2024-12-28,529,T-Shirt,Clothing,4,564,2256
271,2024-10-15,110,Dumbbells,Sports,4,138,552
272,2024-10-23,465,History Book,Books,2,488,976
273,2024-11-22,1068,Cookware,Home & Garden,1,1442,1442
274,2024-01-10,1063,Fiction Book,Books,1,612,612
275,2024-06-09,100,Dumbbells,Sports,4,1649,6596
276,2024-11-18,1195,Laptop,Electronics,5,881,4405
277,2024-08-08,1274,Science Book,Books,4,275,1100
278,2024-11-10,67,Cookware,Home & Garden,5,214,1070
279,2024-09-19,675,Tennis Racket,Sports,5,1063,5315
280,2024-05-10,140,Tennis Racket,Sports,2,1268,2536
281,2024-06-25,1209,Tablet,Electronics,4,398,1592
282,2024-12-07,705,Football,Sports,3,1030,3090
283,2024-02-25,1467,Jacket,Clothing,2,1436,2872
284,2024-03-22,749,Cookware,Home & Garden,4,198,792
285,2024-09-11,40,Shoes,Clothing,5,159,795
286,2024-12-25,621,Jacket,Clothing,4,426,1704
287,2024-03-04,116,Lamp,Home & Garden,3,1623,4869
288,2024-11-02,96,Cricket Bat,Sports,2,1278,2556
289,2024-03-23,1222,Tennis Racket,Sports,1,1513,1513
290,2024-08-06,858,Jeans,Clothing,2,139,278
291,2024-04-04,92,Football,Sports,4,269,1076
292,2024-04-04,75,Jacket,Clothing,2,1053,2106
293,2024-01-03,258,Headphones,Electronics,4,1755,7020
294,2024-11-24,1209,Laptop,Electronics,1,1084,1084
295,2024-01-10,1009,Football,Sports,3,293,879
296,2024-05-02,698,Fiction Book,Books,2,1347,2694
297,2024-07-14,1095,Fiction Book,Books,5,542,2710
298,2024-05-15,149,Tablet,Electronics,4,1088,4352
299,2024-05-22,91,Fiction Book,Books,5,1150,5750
300,2024-07-22,380,Jacket,Clothing,4,622,2488
301,2024-01-07,1278,Yoga Mat,Sports,2,67,134
302,2024-05-23,6,Dumbbells,Sports,3,995,2985
303,2024-09-03,378,Dumbbells,Sports,1,1168,1168
304,2024-05-06,449,Lamp,Home & Garden,3,1662,4986
305,2024-02-25,740,Lamp,Home & Garden,1,951,951
306,2024-07-03,31,T-Shirt,Clothing,4,1412,5648
307,2024-03-15,249,Jeans,Clothing,2,1473,2946
308,2024-11-10,1445,Yoga Mat,Sports,2,1622,3244
309,2024-03-20,212,Dress,Clothing,2,1792,3584
310,2024-03-05,859,Cricket Bat,Sports,5,1269,6345
311,2024-01-11,931,Comics,Books,4,56,224
312,2024-01-24,2,Cookware,Home & Garden,2,197,394
313,2024-05-09,271,Biography,Books,4,1039,4156
314,2024-01-15,1352,Smartwatch,Electronics,5,1192,5960
315,2024-09-28,777,History Book,Books,5,269,1345
316,2024-03-16,306,History Book,Books,3,1832,5496
317,2024-07-16,940,Science Book,Books,1,296,296
318,2024-02-24,531,Sofa,Home & Garden,4,1183,4732
319,2024-07-13,732,T-Shirt,Clothing,4,158,632
320,2024-01-10,1315,T-Shirt,Clothing,1,1914,1914
321,2024-02-08,178,T-Shirt,Clothing,2,1809,3618
322,2024-07-26,816,History Book,Books,3,1347,4041
323,2024-04-26,787,Tablet,Electronics,5,1537,7685
324,2024-04-07,1451,Chair,Home & Garden,2,933,1866
325,2024-11-15,187,Dumbbells,Sports,1,1936,1936
326,2024-12-11,226,Laptop,Electronics,4,276,1104
327,2024-03-29,626,History Book,Books,5,1762,8810
328,2024-09-18,357,Lamp,Home & Garden,3,1441,4323
329,2024-03-07,656,Shoes,Clothing,4,215,860
330,2024-06-06,1387,Fiction Book,Books,5,718,3590
331,2024-07-26,1358,Yoga Mat,Sports,4,1367,5468
332,2024-05-07,1237,Jacket,Clothing,2,176,352
333,2024-12-27,385,Cookware,Home & Garden,5,603,3015
334,2024-10-17,947,Cookware,Home & Garden,2,1632,3264
335,2024-06-12,833,T-Shirt,Clothing,5,1427,7135
336,2024-03-14,1403,Chair,Home & Garden,1,1379,1379
337,2024-09-02,283,Dumbbells,Sports,4,1799,7196
338,2024-08-12,1026,Biography,Books,3,1132,3396
339,2024-01-27,236,Yoga Mat,Sports,4,1232,4928
340,2024-03-11,991,Smartwatch,Electronics,2,1031,2062
341,2024-10-18,348,Dress,Clothing,3,1005,3015
342,2024-07-06,233,Tablet,Electronics,4,835,3340
343,2024-07-24,1039,History Book,Books,1,849,849
344,2024-10-21,873,History Book,Books,2,1850,3700
345,2024-05-21,34,Science Book,Books,5,390,1950
346,2024-04-05,257,Fiction Book,Books,1,189,189
347,2024-05-23,825,Sofa,Home & Garden,1,1589,1589
348,2024-10-18,200,Jacket,Clothing,3,557,1671
349,2024-01-03,337,Shoes,Clothing,3,1025,3075
350,2024-06-14,170,Tablet,Electronics,2,535,1070
351,2024-04-28,24,Dumbbells,Sports,4,1043,4172
352,2024-01-31,544,Mixer,Home & Garden,2,119,238
353,2024-10-12,16,Smartwatch,Electronics,2,1401,2802
354,2024-06-18,253,Mobile,Electronics,2,1861,3722
355,2024-05-29,825,Biography,Books,4,971,3884
356,2024-06-06,1419,Comics,Books,5,1840,9200
357,2024-03-04,1387,Biography,Books,4,1289,5156
358,2024-06-14,1232,Smartwatch,Electronics,2,136,272
359,2024-06-13,1117,Football,Sports,1,171,171
360,2024-11-13,938,History Book,Books,4,466,1864
361,2024-12-07,785,Laptop,Electronics,5,23,115
362,2024-04-23,260,T-Shirt,Clothing,1,236,236
363,2024-12-22,627,Comics,Books,1,509,509
364,2024-03-27,470,Comics,Books,1,1233,1233
365,2024-09-14,1395,Biography,Books,4,1595,6380
366,2024-04-17,1203,Yoga Mat,Sports,4,798,3192
367,2024-08-21,841,Tennis Racket,Sports,4,1913,7652
368,2024-01-01,229,Fiction Book,Books,2,1246,2492
369,2024-07-17,1110,Sofa,Home & Garden,5,724,3620
370,2024-02-07,241,Science Book,Books,3,1414,4242
371,2024-07-14,264,Cookware,Home & Garden,3,1390,4170
372,2024-03-18,177,Shoes,Clothing,1,135,135
373,2024-07-11,1200,Headphones,Electronics,2,914,1828
374,2024-12-24,1318,Cricket Bat,Sports,1,107,107
375,2024-09-16,1110,T-Shirt,Clothing,2,541,1082
376,2024-06-14,101,Cookware,Home & Garden,3,1301,3903
377,2024-03-29,236,Chair,Home & Garden,5,706,3530
378,2024-05-27,38,Cricket Bat,Sports,3,1158,3474
379,2024-11-14,35,History Book,Books,3,1601,4803
380,2024-03-28,786,Football,Sports,4,392,1568
381,2024-09-08,559,Dress,Clothing,4,1405,5620
382,2024-01-26,1129,Fiction Book,Books,4,1412,5648
383,2024-06-01,585,Mixer,Home & Garden,5,339,1695
384,2024-07-18,382,Dress,Clothing,5,154,770
385,2024-12-30,578,History Book,Books,4,1575,6300
386,2024-08-14,65,Mobile,Electronics,1,1210,1210
387,2024-04-18,573,Tennis Racket,Sports,1,640,640
388,2024-04-28,1168,Mixer,Home & Garden,2,1591,3182
389,2024-03-26,840,Laptop,Electronics,4,982,3928
390,2024-03-16,1168,History Book,Books,5,1849,9245
391,2024-04-21,480,Dumbbells,Sports,2,587,1174
392,2024-06-08,389,Yoga Mat,Sports,5,777,3885
393,2024-07-31,362,Tablet,Electronics,4,1254,5016
394,2024-09-27,1250,Football,Sports,3,101,303
395,2024-09-21,354,Shoes,Clothing,2,65,130
396,2024-08-17,828,Jeans,Clothing,2,1664,3328
397,2024-08-12,408,Chair,Home & Garden,2,419,838
398,2024-07-05,331,Football,Sports,5,905,4525
399,2024-03-28,729,Fiction Book,Books,4,1644,6576
400,2024-12-19,1442,Fiction Book,Books,1,1854,1854
401,2024-11-05,305,History Book,Books,1,1254,1254
402,2024-08-21,936,Jeans,Clothing,1,1309,1309
403,2024-10-20,997,Lamp,Home & Garden,3,884,2652
404,2024-01-23,1465,Smartwatch,Electronics,3,499,1497
405,2024-03-17,74,Tennis Racket,Sports,3,598,1794
406,2024-08-01,652,Dress,Clothing,5,713,3565
407,2024-07-28,217,Lamp,Home & Garden,4,483,1932
408,2024-07-16,1326,Tablet,Electronics,3,1414,4242
409,2024-01-02,1383,Cricket Bat,Sports,4,958,3832
410,2024-02-22,463,Chair,Home & Garden,3,1548,4644
411,2024-08-10,445,Chair,Home & Garden,5,600,3000
412,2024-01-21,840,Shoes,Clothing,3,1183,3549
413,2024-04-18,1129,Mobile,Electronics,1,671,671
414,2024-10-26,161,Comics,Books,4,690,2760
415,2024-07-19,1093,Chair,Home & Garden,4,882,3528
416,2024-02-03,444,Laptop,Electronics,1,280,280
417,2024-12-07,306,Dress,Clothing,4,826,3304
418,2024-09-26,220,Comics,Books,4,825,3300
419,2024-03-16,233,Shoes,Clothing,5,1195,5975
420,2024-03-01,980,Yoga Mat,Sports,4,1795,7180
421,2024-12-16,110,Football,Sports,5,1760,8800
422,2024-02-16,1007,Cookware,Home & Garden,2,1412,2824
423,2024-05-03,376,Yoga Mat,Sports,3,833,2499
424,2024-04-01,1098,History Book,Books,2,1775,3550
425,2024-02-14,344,Fiction Book,Books,3,1070,3210
426,2024-06-13,541,Smartwatch,Electronics,4,1442,5768
427,2024-10-06,55,Lamp,Home & Garden,2,1498,2996
428,2024-05-11,470,Jacket,Clothing,3,1066,3198
429,2024-08-26,596,Fiction Book,Books,5,1552,7760
430,2024-01-25,259,Comics,Books,2,459,918
431,2024-11-10,1126,Jeans,Clothing,2,234,468
432,2024-04-06,207,Shoes,Clothing,3,992,2976
433,2024-07-13,1338,Jeans,Clothing,1,661,661
434,2024-05-15,297,Shoes,Clothing,5,901,4505
435,2024-07-04,1231,History Book,Books,4,1901,7604
436,2024-02-13,480,Dumbbells,Sports,4,265,1060
437,2024-01-10,610,Tennis Racket,Sports,4,1301,5204
438,2024-01-09,1267,Dress,Clothing,5,940,4700
439,2024-01-09,988,Fiction Book,Books,1,1541,1541
440,2024-11-25,461,Tablet,Electronics,4,508,2032
441,2024-10-18,1167,Cricket Bat,Sports,5,180,900
442,2024-11-28,747,Jacket,Clothing,3,20,60
443,2024-12-12,308,Laptop,Electronics,3,1852,5556
444,2024-01-04,355,Mobile,Electronics,2,1576,3152
445,2024-11-16,779,Chair,Home & Garden,3,501,1503
446,2024-08-11,374,Tennis Racket,Sports,3,797,2391
447,2024-10-26,194,Cookware,Home & Garden,5,1569,7845
448,2024-04-06,679,T-Shirt,Clothing,4,189,756
449,2024-12-11,579,Dress,Clothing,1,174,174
450,2024-07-25,1241,Biography,Books,5,1479,7395
451,2024-05-22,919,Mobile,Electronics,1,346,346
452,2024-08-09,596,Football,Sports,3,828,2484
453,2024-08-26,1490,T-Shirt,Clothing,3,465,1395
454,2024-07-16,270,T-Shirt,Clothing,2,1473,2946
455,2024-10-30,1245,Football,Sports,2,1748,3496
456,2024-11-13,190,Jeans,Clothing,4,794,3176
457,2024-08-12,793,Laptop,Electronics,1,492,492
458,2024-02-28,1044,Jeans,Clothing,4,439,1756
459,2024-09-08,752,Comics,Books,2,936,1872
460,2024-08-31,1179,Sofa,Home & Garden,2,1058,2116
461,2024-03-24,1222,Smartwatch,Electronics,1,1861,1861
462,2024-12-17,920,Science Book,Books,3,1319,3957
463,2024-04-22,1456,Laptop,Electronics,2,1707,3414
464,2024-03-16,1438,Sofa,Home & Garden,5,382,1910
465,2024-03-19,3,Dumbbells,Sports,4,1557,6228
466,2024-10-31,421,Shoes,Clothing,3,498,1494
467,2024-02-10,347,Dress,Clothing,2,1121,2242
468,2024-12-16,629,Sofa,Home & Garden,5,717,3585
469,2024-11-14,173,Comics,Books,3,243,729
470,2024-02-10,378,Jeans,Clothing,4,963,3852
471,2024-08-31,1185,Shoes,Clothing,1,753,753
472,2024-04-22,937,Tablet,Electronics,3,580,1740
473,2024-12-31,1461,Mobile,Electronics,2,708,1416
474,2024-03-15,1446,Cookware,Home & Garden,3,1662,4986
475,2024-12-09,168,T-Shirt,Clothing,1,1747,1747
476,2024-05-17,956,Tablet,Electronics,3,965,2895
477,2024-02-15,817,Comics,Books,3,571,1713
478,2024-04-24,1431,Fiction Book,Books,1,1670,1670
479,2024-03-12,673,Tennis Racket,Sports,1,1266,1266
480,2024-11-23,925,Dress,Clothing,5,295,1475
481,2024-04-22,1176,Shoes,Clothing,2,283,566
482,2024-01-20,369,T-Shirt,Clothing,1,1305,1305
483,2024-05-10,1049,Sofa,Home & Garden,2,718,1436
484,2024-07-21,38,Dumbbells,Sports,4,743,2972
485,2024-03-03,1281,Comics,Books,2,191,382
486,2024-12-08,670,Science Book,Books,5,153,765
487,2024-11-12,382,Dumbbells,Sports,3,597,1791
488,2024-07-30,206,History Book,Books,4,825,3300
489,2024-08-02,1343,Smartwatch,Electronics,1,1866,1866
490,2024-12-12,195,Tennis Racket,Sports,1,1306,1306
491,2024-11-26,1334,Shoes,Clothing,5,588,2940
492,2024-02-10,1494,Dress,Clothing,1,659,659
493,2024-09-22,1169,Shoes,Clothing,1,1130,1130
494,2024-02-25,904,Science Book,Books,3,1164,3492
495,2024-04-27,1468,T-Shirt,Clothing,2,25,50
496,2024-01-29,1110,Jacket,Clothing,4,1214,4856
497,2024-11-15,747,Lamp,Home & Garden,5,1521,7605
498,2024-10-28,1390,Comics,Books,1,885,885
499,2024-03-30,1189,Biography,Books,5,1606,8030
500,2024-08-24,1190,Lamp,Home & Garden,1,807,807
501,2024-09-01,552,Football,Sports,2,621,1242
502,2024-12-01,998,Sofa,Home & Garden,4,539,2156
503,2024-08-04,1407,Biography,Books,5,1089,5445
504,2024-10-19,616,Tablet,Electronics,3,552,1656
505,2024-09-15,109,Lamp,Home & Garden,4,802,3208
506,2024-12-14,489,Jacket,Clothing,4,1806,7224
507,2024-06-30,147,Dress,Clothing,3,1379,4137
508,2024-02-11,793,Jeans,Clothing,5,795,3975
509,2024-11-06,350,Mobile,Electronics,2,541,1082
510,2024-05-31,530,Dress,Clothing,2,539,1078
511,2024-10-28,584,Mobile,Electronics,2,202,404
512,2024-02-15,164,Science Book,Books,1,1984,1984
513,2024-05-14,13,Mixer,Home & Garden,1,1516,1516
514,2024-03-04,430,Headphones,Electronics,3,402,1206
515,2024-08-06,1305,Fiction Book,Books,4,1108,4432
516,2024-02-19,1031,Fiction Book,Books,3,125,375
517,2024-09-20,1125,Tennis Racket,Sports,3,341,1023
518,2024-04-22,269,Biography,Books,1,1364,1364
519,2024-01-01,96,Biography,Books,3,572,1716
520,2024-05-24,1072,Jacket,Clothing,5,291,1455
521,2024-03-11,1073,Laptop,Electronics,4,1816,7264
522,2024-03-10,1432,Shoes,Clothing,2,1239,2478
523,2024-04-24,321,Mixer,Home & Garden,1,1242,1242
524,2024-10-06,3,Headphones,Electronics,3,1212,3636
525,2024-09-20,209,Jeans,Clothing,5,206,1030
526,2024-11-23,399,Chair,Home & Garden,4,1181,4724
527,2024-02-08,648,T-Shirt,Clothing,3,1322,3966
528,2024-12-28,1207,Tablet,Electronics,4,163,652
529,2024-01-27,544,Cookware,Home & Garden,3,1392,4176
530,2024-07-02,754,Yoga Mat,Sports,4,637,2548
531,2024-02-26,488,Mixer,Home & Garden,1,587,587
532,2024-03-25,361,Tennis Racket,Sports,5,1804,9020
533,2024-06-28,1054,Football,Sports,2,983,1966
534,2024-09-05,815,Mobile,Electronics,1,829,829
535,2024-12-20,516,Headphones,Electronics,5,1338,6690
536,2024-09-25,780,Jeans,Clothing,2,949,1898
537,2024-08-19,504,Yoga Mat,Sports,4,573,2292
538,2024-02-15,800,Chair,Home & Garden,4,1548,6192
539,2024-03-07,24,Lamp,Home & Garden,5,120,600
540,2024-04-05,515,Mixer,Home & Garden,3,1691,5073
541,2024-10-29,328,T-Shirt,Clothing,1,803,803
542,2024-12-04,1284,Comics,Books,2,1449,2898
543,2024-09-09,1297,Laptop,Electronics,1,1086,1086
544,2024-07-15,210,History Book,Books,5,1856,9280
545,2024-06-02,466,Mobile,Electronics,1,375,375
546,2024-07-09,1336,Biography,Books,3,1593,4779
547,2024-02-20,1090,Tennis Racket,Sports,4,693,2772
548,2024-11-27,1348,Biography,Books,4,405,1620
549,2024-03-30,1183,Tennis Racket,Sports,2,1494,2988
550,2024-02-10,1223,Football,Sports,2,521,1042
551,2024-10-11,138,T-Shirt,Clothing,1,502,502
552,2024-03-08,510,Tablet,Electronics,3,57,171
553,2024-03-03,1319,Dress,Clothing,2,1406,2812
554,2024-11-12,1046,Smartwatch,Electronics,1,1861,1861
555,2024-10-16,781,Comics,Books,3,698,2094
556,2024-01-04,1447,Sofa,Home & Garden,4,615,2460
557,2024-07-16,1054,Yoga Mat,Sports,2,73,146
558,2024-11-16,1412,Mobile,Electronics,3,1925,5775
559,2024-09-30,104,Laptop,Electronics,3,1038,3114
560,2024-09-18,1067,T-Shirt,Clothing,5,951,4755
561,2024-04-13,1481,Smartwatch,Electronics,1,1186,1186
562,2024-02-23,398,Sofa,Home & Garden,4,1943,7772
563,2024-01-29,1230,Jacket,Clothing,5,1907,9535
564,2024-09-25,368,History Book,Books,2,373,746
565,2024-04-25,663,Dumbbells,Sports,5,394,1970
566,2024-07-29,414,Mixer,Home & Garden,5,771,3855
567,2024-12-01,1406,Comics,Books,1,1173,1173
568,2024-08-27,1293,Jacket,Clothing,2,1046,2092
569,2024-08-08,1399,Mixer,Home & Garden,2,1944,3888
570,2024-06-28,203,Yoga Mat,Sports,3,1199,3597
571,2024-11-12,613,Lamp,Home & Garden,2,1643,3286
572,2024-07-01,808,Sofa,Home & Garden,5,50,250
573,2024-04-08,71,Chair,Home & Garden,5,464,2320
574,2024-04-16,908,Shoes,Clothing,3,598,1794
575,2024-08-21,1353,Biography,Books,1,1341,1341
576,2024-09-13,1485,Jeans,Clothing,4,1648,6592
577,2024-08-26,1405,Dumbbells,Sports,5,265,1325
578,2024-07-30,376,Jacket,Clothing,5,47,235
579,2024-10-22,852,Science Book,Books,1,629,629
580,2024-07-08,120,Chair,Home & Garden,1,1352,1352
581,2024-03-24,104,History Book,Books,5,200,1000
582,2024-04-04,474,Mobile,Electronics,4,1913,7652
583,2024-03-16,884,Chair,Home & Garden,1,176,176
584,2024-03-29,701,Science Book,Books,3,90,270
585,2024-06-23,238,Tablet,Electronics,2,1252,2504
586,2024-08-07,723,Comics,Books,2,1310,2620
587,2024-05-03,1285,Mobile,Electronics,3,285,855
588,2024-07-01,81,Science Book,Books,5,313,1565
589,2024-05-07,263,Science Book,Books,4,1503,6012
590,2024-03-19,711,Mobile,Electronics,2,538,1076
591,2024-01-07,561,Tennis Racket,Sports,2,1824,3648
592,2024-09-08,132,Jacket,Clothing,2,391,782
593,2024-02-06,223,History Book,Books,3,1853,5559
594,2024-06-01,265,Headphones,Electronics,2,447,894
595,2024-03-26,1340,Laptop,Electronics,3,1768,5304
596,2024-03-12,73,Headphones,Electronics,3,1257,3771
597,2024-04-01,296,Jacket,Clothing,4,1234,4936
598,2024-01-13,1143,Dumbbells,Sports,5,122,610
599,2024-12-27,1000,History Book,Books,3,67,201
600,2024-10-24,168,Cookware,Home & Garden,1,851,851
601,2024-09-03,1027,Tennis Racket,Sports,4,1100,4400
602,2024-07-24,954,Dress,Clothing,3,1641,4923
603,2024-11-07,1240,Chair,Home & Garden,3,582,1746
604,2024-11-15,220,Chair,Home & Garden,1,855,855
605,2024-03-19,542,Fiction Book,Books,2,1581,3162
606,2024-05-27,535,Tennis Racket,Sports,5,1171,5855
607,2024-08-08,986,Jeans,Clothing,5,1117,5585
608,2024-12-03,195,Yoga Mat,Sports,5,1709,8545
609,2024-09-25,1051,Cricket Bat,Sports,5,1566,7830
610,2024-02-18,104,Football,Sports,2,89,178
611,2024-08-24,1018,Fiction Book,Books,1,1933,1933
612,2024-11-13,986,T-Shirt,Clothing,2,1476,2952
613,2024-04-13,731,Fiction Book,Books,1,1457,1457
614,2024-08-12,740,Mobile,Electronics,4,1294,5176
615,2024-06-08,1379,Jeans,Clothing,1,57,57
616,2024-05-19,1031,Cookware,Home & Garden,4,507,2028
617,2024-06-29,668,Mixer,Home & Garden,3,168,504
618,2024-04-13,629,Smartwatch,Electronics,5,1762,8810
619,2024-12-03,420,Mixer,Home & Garden,5,88,440
620,2024-06-26,190,T-Shirt,Clothing,5,240,1200
621,2024-08-27,589,Yoga Mat,Sports,2,760,1520
622,2024-10-10,1297,Shoes,Clothing,4,1085,4340
623,2024-10-01,576,Cricket Bat,Sports,4,333,1332
624,2024-11-18,1330,Cricket Bat,Sports,5,1764,8820
625,2024-06-18,1249,Chair,Home & Garden,2,819,1638
626,2024-05-20,1314,Science Book,Books,4,205,820
627,2024-01-13,498,Jacket,Clothing,1,700,700
628,2024-06-08,355,Chair,Home & Garden,2,927,1854
629,2024-10-25,195,Shoes,Clothing,2,638,1276
630,2024-10-15,1456,Science Book,Books,4,361,1444
631,2024-02-05,47,Sofa,Home & Garden,1,28,28
632,2024-11-07,784,Headphones,Electronics,1,1217,1217
633,2024-11-16,796,History Book,Books,2,1998,3996
634,2024-12-08,123,Sofa,Home & Garden,2,210,420
635,2024-03-05,503,Laptop,Electronics,5,1664,8320
636,2024-05-31,409,T-Shirt,Clothing,1,1506,1506
637,2024-10-17,122,Smartwatch,Electronics,4,1330,5320
638,2024-06-17,892,Dumbbells,Sports,5,1299,6495
639,2024-06-02,1190,Jacket,Clothing,5,720,3600
640,2024-04-07,643,Chair,Home & Garden,4,405,1620
641,2024-09-30,627,Shoes,Clothing,3,1641,4923
642,2024-01-29,817,Smartwatch,Electronics,5,1586,7930
643,2024-12-17,241,Headphones,Electronics,5,481,2405
644,2024-05-16,1245,Jacket,Clothing,1,1599,1599
645,2024-04-14,1089,Shoes,Clothing,1,931,931
646,2024-07-12,834,Lamp,Home & Garden,1,593,593
647,2024-04-22,116,Cookware,Home & Garden,1,1583,1583
648,2024-04-30,1342,Science Book,Books,3,565,1695
649,2024-10-15,1212,Sofa,Home & Garden,1,729,729
650,2024-10-14,949,Shoes,Clothing,5,1540,7700
651,2024-05-04,1134,Cricket Bat,Sports,1,1191,1191
652,2024-09-11,728,Jacket,Clothing,1,553,553
653,2024-03-27,1419,Science Book,Books,4,1921,7684
654,2024-12-15,178,Football,Sports,3,1986,5958
655,2024-05-04,1488,Cookware,Home & Garden,1,1384,1384
656,2024-04-17,1462,Comics,Books,3,518,1554
657,2024-09-08,850,History Book,Books,4,1673,6692
658,2024-04-14,1314,Lamp,Home & Garden,4,1581,6324
659,2024-04-11,407,Dumbbells,Sports,5,1991,9955
660,2024-12-19,443,Laptop,Electronics,4,1757,7028
661,2024-03-23,1160,Headphones,Electronics,1,25,25
662,2024-10-22,287,Smartwatch,Electronics,5,1778,8890
663,2024-04-18,1078,Lamp,Home & Garden,4,332,1328
664,2024-03-30,791,Science Book,Books,1,176,176
665,2024-06-13,887,Comics,Books,3,1071,3213
666,2024-11-20,1246,Tennis Racket,Sports,3,1265,3795
667,2024-02-20,873,Mobile,Electronics,1,1837,1837
668,2024-12-27,1498,Dumbbells,Sports,4,85,340
669,2024-05-28,993,History Book,Books,4,1581,6324
670,2024-03-02,195,Sofa,Home & Garden,3,1838,5514
671,2024-06-05,1101,Comics,Books,3,897,2691
672,2024-01-21,1073,Fiction Book,Books,1,538,538
673,2024-09-08,1043,Headphones,Electronics,3,670,2010
674,2024-02-21,7,History Book,Books,4,886,3544
675,2024-08-27,979,Fiction Book,Books,2,1217,2434
676,2024-12-10,716,Tablet,Electronics,4,1254,5016
677,2024-06-10,320,Yoga Mat,Sports,3,45,135
678,2024-02-29,1093,Laptop,Electronics,2,953,1906
679,2024-10-14,540,Jeans,Clothing,1,43,43
680,2024-12-31,73,Science Book,Books,4,769,3076
681,2024-06-13,752,T-Shirt,Clothing,3,945,2835
682,2024-09-27,1241,Mixer,Home & Garden,2,382,764
683,2024-03-22,1316,Laptop,Electronics,3,1922,5766
684,2024-04-08,1467,Science Book,Books,5,424,2120
685,2024-09-14,513,Laptop,Electronics,4,664,2656
686,2024-02-06,807,Jacket,Clothing,4,1088,4352
687,2024-12-19,120,Cookware,Home & Garden,3,411,1233
688,2024-02-10,1472,Dumbbells,Sports,4,58,232
689,2024-02-15,427,Comics,Books,4,788,3152
690,2024-08-15,395,Yoga Mat,Sports,1,1678,1678
691,2024-11-01,56,Dumbbells,Sports,4,883,3532
692,2024-11-19,196,Mobile,Electronics,1,1568,1568
693,2024-07-23,5,History Book,Books,4,1269,5076
694,2024-10-28,466,Laptop,Electronics,4,564,2256
695,2024-06-08,757,Mixer,Home & Garden,4,1189,4756
696,2024-12-06,1298,Chair,Home & Garden,1,595,595
697,2024-11-23,1090,Headphones,Electronics,5,708,3540
698,2024-04-19,596,Science Book,Books,1,1328,1328
699,2024-08-11,404,Tablet,Electronics,3,1063,3189
700,2024-07-22,1211,Tennis Racket,Sports,2,586,1172
701,2024-07-29,645,Dumbbells,Sports,5,326,1630
702,2024-08-02,1489,Tennis Racket,Sports,5,1008,5040
703,2024-05-20,495,Dress,Clothing,3,1802,5406
704,2024-03-05,855,Football,Sports,4,1903,7612
705,2024-03-23,1325,Sofa,Home & Garden,1,327,327
706,2024-05-26,797,Dumbbells,Sports,1,915,915
707,2024-12-30,35,Shoes,Clothing,2,1168,2336
708,2024-09-18,771,Laptop,Electronics,4,227,908
709,2024-05-13,61,Dress,Clothing,3,522,1566
710,2024-11-15,802,Headphones,Electronics,4,1350,5400
711,2024-02-19,952,Cookware,Home & Garden,3,1921,5763
712,2024-02-21,340,T-Shirt,Clothing,4,297,1188
713,2024-06-26,1354,Jeans,Clothing,3,1741,5223
714,2024-06-14,1393,Smartwatch,Electronics,1,1550,1550
715,2024-05-20,234,Smartwatch,Electronics,3,556,1668
716,2024-10-23,1191,Cricket Bat,Sports,1,1040,1040
717,2024-01-28,230,Chair,Home & Garden,5,1136,5680
718,2024-10-28,1269,Mobile,Electronics,5,1130,5650
719,2024-12-21,1211,Football,Sports,1,1459,1459
720,2024-09-10,691,Fiction Book,Books,1,544,544
721,2024-02-09,16,History Book,Books,5,1741,8705
722,2024-09-20,1329,Yoga Mat,Sports,4,202,808
723,2024-07-20,586,Dress,Clothing,2,559,1118
724,2024-05-15,1003,Cookware,Home & Garden,5,1596,7980
725,2024-06-16,127,Dress,Clothing,4,715,2860
726,2024-08-02,1055,Dress,Clothing,2,537,1074
727,2024-04-12,1262,Headphones,Electronics,3,1772,5316
728,2024-11-23,789,Sofa,Home & Garden,2,860,1720
729,2024-11-05,389,Shoes,Clothing,2,1106,2212
730,2024-02-27,233,T-Shirt,Clothing,2,29,58
731,2024-11-23,1006,Tennis Racket,Sports,5,735,3675
732,2024-01-06,325,Laptop,Electronics,5,166,830
733,2024-06-20,258,Shoes,Clothing,1,369,369
734,2024-01-10,484,Fiction Book,Books,3,1855,5565
735,2024-07-29,429,Chair,Home & Garden,2,1967,3934
736,2024-06-19,727,Cookware,Home & Garden,5,1720,8600
737,2024-04-03,59,Headphones,Electronics,1,1416,1416
738,2024-11-19,430,Chair,Home & Garden,3,1350,4050
739,2024-01-27,856,Tablet,Electronics,4,78,312
740,2024-06-07,1063,Laptop,Electronics,1,1190,1190
741,2024-07-08,800,History Book,Books,5,341,1705
742,2024-12-31,1009,Tennis Racket,Sports,1,1799,1799
743,2024-06-26,363,Yoga Mat,Sports,5,1838,9190
744,2024-10-14,144,Biography,Books,1,1544,1544
745,2024-01-01,1082,Fiction Book,Books,1,407,407
746,2024-08-27,1123,Science Book,Books,5,1552,7760
747,2024-05-03,1112,Tablet,Electronics,5,1075,5375
748,2024-07-06,1065,History Book,Books,4,726,2904
749,2024-03-12,773,Fiction Book,Books,2,1747,3494
750,2024-01-24,393,Mobile,Electronics,4,324,1296
751,2024-08-24,756,Mixer,Home & Garden,1,1386,1386
752,2024-06-27,433,Biography,Books,4,1108,4432
753,2024-11-28,582,Sofa,Home & Garden,5,1200,6000
754,2024-09-09,575,Headphones,Electronics,5,1889,9445
755,2024-12-16,1029,Dress,Clothing,5,1679,8395
756,2024-11-29,52,Cricket Bat,Sports,4,1061,4244
757,2024-09-24,1413,Laptop,Electronics,5,753,3765
758,2024-10-14,470,Cookware,Home & Garden,1,869,869
759,2024-03-11,771,Tennis Racket,Sports,2,816,1632
760,2024-08-01,674,Chair,Home & Garden,1,1431,1431
761,2024-09-24,739,Headphones,Electronics,1,999,999
762,2024-05-23,447,Mixer,Home & Garden,1,827,827
763,2024-06-03,487,Mobile,Electronics,4,776,3104
764,2024-06-22,468,T-Shirt,Clothing,3,656,1968
765,2024-09-15,1079,Football,Sports,4,459,1836
766,2024-06-03,882,Sofa,Home & Garden,1,1514,1514
767,2024-11-18,1072,Mixer,Home & Garden,5,1621,8105
768,2024-11-18,993,Shoes,Clothing,4,1377,5508
769,2024-08-03,218,Mixer,Home & Garden,1,402,402
770,2024-03-06,717,Yoga Mat,Sports,3,452,1356
771,2024-02-21,1299,Yoga Mat,Sports,2,1483,2966
772,2024-12-20,426,Cookware,Home & Garden,4,1236,4944
773,2024-03-26,631,Yoga Mat,Sports,1,393,393
774,2024-11-08,148,T-Shirt,Clothing,3,452,1356
775,2024-11-25,1257,Lamp,Home & Garden,1,352,352
776,2024-08-30,90,Yoga Mat,Sports,2,1607,3214
777,2024-06-12,1196,Dumbbells,Sports,1,1714,1714
778,2024-11-25,421,Biography,Books,4,244,976
779,2024-02-26,625,Fiction Book,Books,5,1548,7740
780,2024-12-08,243,Jacket,Clothing,3,657,1971
781,2024-04-26,384,Football,Sports,5,933,4665
782,2024-10-19,1482,Biography,Books,2,1968,3936
783,2024-08-23,117,T-Shirt,Clothing,1,1686,1686
784,2024-05-02,425,Fiction Book,Books,3,1220,3660
785,2024-07-08,1141,Cricket Bat,Sports,3,1324,3972
786,2024-05-09,1061,Cricket Bat,Sports,3,1179,3537
787,2024-03-03,1222,Science Book,Books,5,295,1475
788,2024-01-09,573,Jacket,Clothing,1,10,10
789,2024-06-13,1059,Smartwatch,Electronics,4,254,1016
790,2024-09-14,1091,Dumbbells,Sports,1,892,892
791,2024-03-15,758,Fiction Book,Books,5,1638,8190
792,2024-05-23,4,Tablet,Electronics,4,1712,6848
793,2024-01-20,1209,Laptop,Electronics,2,640,1280
794,2024-04-14,163,Laptop,Electronics,5,594,2970
795,2024-08-12,608,Laptop,Electronics,5,485,2425
796,2024-09-25,1138,Chair,Home & Garden,3,45,135
797,2024-07-21,1390,Dress,Clothing,1,687,687
798,2024-03-04,759,Cookware,Home & Garden,2,1403,2806
799,2024-06-13,1368,Tablet,Electronics,4,1359,5436
800,2024-08-08,40,Sofa,Home & Garden,3,570,1710
801,2024-10-23,1074,Dumbbells,Sports,5,188,940
802,2024-05-13,1426,History Book,Books,3,90,270
803,2024-05-20,908,Comics,Books,2,1539,3078
804,2024-02-05,1081,Lamp,Home & Garden,1,468,468
805,2024-05-24,695,Fiction Book,Books,3,96,288
806,2024-12-16,310,Yoga Mat,Sports,5,500,2500
807,2024-07-25,754,History Book,Books,5,1674,8370
808,2024-02-23,233,Shoes,Clothing,4,785,3140
809,2024-09-25,822,Football,Sports,3,1476,4428
810,2024-01-28,1233,Cricket Bat,Sports,4,772,3088
811,2024-07-09,1494,Dress,Clothing,1,610,610
812,2024-08-24,132,Yoga Mat,Sports,2,383,766
813,2024-02-03,585,Science Book,Books,4,1779,7116
814,2024-04-04,1225,Lamp,Home & Garden,4,1041,4164
815,2024-07-04,1407,Biography,Books,3,946,2838
816,2024-01-19,591,Biography,Books,1,297,297
817,2024-09-28,1272,Tennis Racket,Sports,2,1087,2174
818,2024-11-26,1107,Smartwatch,Electronics,3,1765,5295
819,2024-03-22,1114,History Book,Books,1,1238,1238
820,2024-11-16,1,Yoga Mat,Sports,4,384,1536
821,2024-01-29,1083,Tennis Racket,Sports,4,1091,4364
822,2024-05-09,490,Chair,Home & Garden,3,1450,4350
823,2024-05-01,1193,Science Book,Books,4,1362,5448
824,2024-09-18,1422,Jacket,Clothing,4,1306,5224
825,2024-03-07,819,Jacket,Clothing,4,924,3696
826,2024-09-07,491,Dumbbells,Sports,1,923,923
827,2024-04-29,1016,Football,Sports,3,576,1728
828,2024-02-09,1117,Yoga Mat,Sports,2,468,936
829,2024-08-01,619,Dress,Clothing,3,906,2718
830,2024-08-13,373,Science Book,Books,3,818,2454
831,2024-06-06,713,Laptop,Electronics,2,1416,2832
832,2024-01-12,1075,Comics,Books,3,1578,4734
833,2024-12-16,908,Chair,Home & Garden,1,1877,1877
834,2024-10-18,475,Dumbbells,Sports,1,1551,1551
835,2024-02-04,810,Lamp,Home & Garden,2,1087,2174
836,2024-03-11,881,Dress,Clothing,5,579,2895
837,2024-06-02,1472,Fiction Book,Books,2,376,752
838,2024-01-06,1173,Mobile,Electronics,5,1098,5490
839,2024-02-22,49,Tablet,Electronics,5,1940,9700
840,2024-10-12,215,Chair,Home & Garden,5,506,2530
841,2024-12-04,977,Mixer,Home & Garden,5,379,1895
842,2024-07-13,755,Comics,Books,3,648,1944
843,2024-06-22,1160,Biography,Books,3,298,894
844,2024-12-10,456,Football,Sports,1,1743,1743
845,2024-12-24,1340,Fiction Book,Books,3,761,2283
846,2024-01-04,414,Tennis Racket,Sports,1,843,843
847,2024-05-23,1305,Sofa,Home & Garden,3,222,666
848,2024-06-30,828,Laptop,Electronics,3,1917,5751
849,2024-05-27,743,Headphones,Electronics,1,300,300
850,2024-02-20,1490,Cricket Bat,Sports,3,1266,3798
851,2024-02-25,1359,Lamp,Home & Garden,4,656,2624
852,2024-05-22,847,Mobile,Electronics,3,1466,4398
853,2024-07-04,1456,Yoga Mat,Sports,5,1580,7900
854,2024-10-24,663,Smartwatch,Electronics,4,1850,7400
855,2024-05-06,78,Mobile,Electronics,1,30,30
856,2024-03-13,419,Football,Sports,5,181,905
857,2024-05-07,1327,Lamp,Home & Garden,2,1301,2602
858,2024-11-03,1143,Yoga Mat,Sports,5,62,310
859,2024-02-26,792,Jacket,Clothing,1,12,12
860,2024-08-24,1123,Biography,Books,4,170,680
861,2024-01-01,617,Science Book,Books,4,967,3868
862,2024-08-13,175,Chair,Home & Garden,1,1797,1797
863,2024-01-25,187,Football,Sports,5,1763,8815
864,2024-06-17,211,Jacket,Clothing,5,940,4700
865,2024-04-21,1444,Headphones,Electronics,4,293,1172
866,2024-06-24,725,Chair,Home & Garden,4,992,3968
867,2024-01-14,609,Chair,Home & Garden,3,844,2532
868,2024-03-31,744,Fiction Book,Books,3,451,1353
869,2024-03-02,877,Laptop,Electronics,5,1984,9920
870,2024-11-01,1487,Football,Sports,3,258,774
871,2024-07-10,754,Headphones,Electronics,4,418,1672
872,2024-09-21,663,T-Shirt,Clothing,2,1990,3980
873,2024-09-06,970,Yoga Mat,Sports,3,824,2472
874,2024-03-16,1288,Tablet,Electronics,2,41,82
875,2024-07-02,1434,History Book,Books,3,245,735
876,2024-09-22,1242,Tennis Racket,Sports,5,734,3670
877,2024-03-17,686,Yoga Mat,Sports,4,545,2180
878,2024-05-23,1151,Fiction Book,Books,2,1151,2302
879,2024-11-12,922,Tennis Racket,Sports,4,1099,4396
880,2024-07-18,443,Tablet,Electronics,2,1805,3610
881,2024-06-18,625,Football,Sports,3,1995,5985
882,2024-09-23,29,Fiction Book,Books,2,937,1874
883,2024-07-18,1119,Mixer,Home & Garden,5,1710,8550
884,2024-04-27,541,Tennis Racket,Sports,3,766,2298
885,2024-04-04,1279,Yoga Mat,Sports,5,934,4670
886,2024-06-27,1273,Football,Sports,5,1679,8395
887,2024-12-10,867,Comics,Books,2,1730,3460
888,2024-02-10,329,Jacket,Clothing,5,1646,8230
889,2024-02-01,789,Biography,Books,3,1561,4683
890,2024-04-13,1091,Smartwatch,Electronics,2,1480,2960
891,2024-02-05,615,Cookware,Home & Garden,4,492,1968
892,2024-05-02,1344,Laptop,Electronics,4,1996,7984
893,2024-06-22,1131,Fiction Book,Books,3,1038,3114
894,2024-03-19,1313,Fiction Book,Books,2,1353,2706
895,2024-05-27,401,Tablet,Electronics,3,1759,5277
896,2024-02-19,940,Dress,Clothing,4,1032,4128
897,2024-09-12,61,Shoes,Clothing,1,679,679
898,2024-09-14,808,History Book,Books,1,209,209
899,2024-05-02,1412,Sofa,Home & Garden,5,1768,8840
900,2024-12-11,381,Jacket,Clothing,1,50,50
901,2024-12-11,959,Mobile,Electronics,4,264,1056
902,2024-01-04,1238,Tennis Racket,Sports,2,272,544
903,2024-07-27,700,Biography,Books,2,1151,2302
904,2024-12-23,716,Tablet,Electronics,4,1604,6416
905,2024-12-04,1049,Comics,Books,3,1977,5931
906,2024-03-19,214,Jacket,Clothing,2,181,362
907,2024-06-16,744,Mobile,Electronics,3,1197,3591
908,2024-01-28,640,Shoes,Clothing,4,744,2976
909,2024-02-26,684,Science Book,Books,1,851,851
910,2024-09-10,1332,Dress,Clothing,2,1916,3832
911,2024-09-03,540,Mixer,Home & Garden,1,1101,1101
912,2024-07-15,1282,Mixer,Home & Garden,5,740,3700
913,2024-03-11,521,Headphones,Electronics,3,1538,4614
914,2024-11-09,389,Smartwatch,Electronics,4,1857,7428
915,2024-02-24,1167,Chair,Home & Garden,3,505,1515
916,2024-07-12,1229,Dumbbells,Sports,3,1868,5604
917,2024-03-27,1098,Football,Sports,4,1390,5560
918,2024-10-09,91,Lamp,Home & Garden,1,1464,1464
919,2024-03-11,1256,History Book,Books,5,1447,7235
920,2024-12-12,1300,Headphones,Electronics,5,1329,6645
921,2024-05-16,885,Tennis Racket,Sports,1,723,723
922,2024-05-23,1300,Mobile,Electronics,3,1878,5634
923,2024-02-19,1462,Laptop,Electronics,3,944,2832
924,2024-07-31,700,Cricket Bat,Sports,2,138,276
925,2024-10-21,1494,Yoga Mat,Sports,5,94,470
926,2024-11-10,1241,History Book,Books,5,735,3675
927,2024-11-12,582,Mixer,Home & Garden,2,985,1970
928,2024-04-22,676,Sofa,Home & Garden,1,1315,1315
929,2024-05-02,222,Yoga Mat,Sports,2,234,468
930,2024-04-06,729,Shoes,Clothing,1,104,104
931,2024-09-12,231,Lamp,Home & Garden,2,470,940
932,2024-06-22,877,Mobile,Electronics,1,1055,1055
933,2024-06-23,969,Yoga Mat,Sports,5,1124,5620
934,2024-10-27,999,Dumbbells,Sports,2,1740,3480
935,2024-02-24,26,Dress,Clothing,1,1194,1194
936,2024-10-02,1393,Cricket Bat,Sports,4,1133,4532
937,2024-08-24,302,Shoes,Clothing,1,467,467
938,2024-04-04,236,History Book,Books,4,1936,7744
939,2024-11-01,985,Tennis Racket,Sports,5,1015,5075
940,2024-08-04,133,Laptop,Electronics,3,1108,3324
941,2024-06-18,1045,Headphones,Electronics,2,1858,3716
942,2024-12-15,601,Jacket,Clothing,5,1866,9330
943,2024-12-02,276,Jeans,Clothing,1,544,544
944,2024-04-26,862,Mixer,Home & Garden,4,495,1980
945,2024-03-15,122,Tablet,Electronics,2,1853,3706
946,2024-01-08,343,Football,Sports,3,1546,4638
947,2024-09-04,546,T-Shirt,Clothing,4,322,1288
948,2024-03-24,658,T-Shirt,Clothing,5,1592,7960
949,2024-03-16,71,Tablet,Electronics,1,163,163
950,2024-09-01,1181,Football,Sports,3,223,669
951,2024-09-24,109,Lamp,Home & Garden,1,954,954
952,2024-02-08,172,Lamp,Home & Garden,3,1885,5655
953,2024-09-15,477,Chair,Home & Garden,5,821,4105
954,2024-06-12,1202,Football,Sports,4,142,568
955,2024-10-24,1120,Jeans,Clothing,1,1004,1004
956,2024-11-05,521,Mixer,Home & Garden,1,1191,1191
957,2024-08-31,1428,Headphones,Electronics,3,1566,4698
958,2024-03-04,964,Sofa,Home & Garden,3,1645,4935
959,2024-03-20,1094,Tennis Racket,Sports,2,1107,2214
960,2024-04-24,751,Football,Sports,4,216,864
961,2024-04-01,244,Shoes,Clothing,5,494,2470
962,2024-04-21,12,Fiction Book,Books,3,325,975
963,2024-07-06,431,Biography,Books,3,1870,5610
964,2024-12-09,146,Dumbbells,Sports,2,874,1748
965,2024-12-09,1096,Dumbbells,Sports,4,45,180
966,2024-11-07,546,Lamp,Home & Garden,2,473,946
967,2024-07-12,562,T-Shirt,Clothing,2,1281,2562
968,2024-02-15,328,Cricket Bat,Sports,2,1837,3674
969,2024-02-11,153,Tennis Racket,Sports,1,221,221
970,2024-10-19,624,Sofa,Home & Garden,1,921,921
971,2024-08-13,825,Mixer,Home & Garden,3,1744,5232
972,2024-05-14,351,Shoes,Clothing,3,1835,5505
973,2024-10-03,1197,Lamp,Home & Garden,4,372,1488
974,2024-11-30,390,Science Book,Books,1,736,736
975,2024-02-16,1326,Tablet,Electronics,2,1225,2450
976,2024-08-21,1205,Comics,Books,4,1148,4592
977,2024-10-16,1052,History Book,Books,3,1828,5484
978,2024-09-29,1022,Jeans,Clothing,2,832,1664
979,2024-02-22,803,Cookware,Home & Garden,1,1053,1053
980,2024-03-27,530,Biography,Books,5,143,715
981,2024-11-19,745,Comics,Books,4,157,628
982,2024-07-09,1313,Jeans,Clothing,1,935,935
983,2024-06-07,38,Tablet,Electronics,4,1278,5112
984,2024-01-03,575,Dress,Clothing,1,71,71
985,2024-07-25,1261,Mixer,Home & Garden,4,183,732
986,2024-09-05,642,Sofa,Home & Garden,5,1551,7755
987,2024-08-16,665,Dumbbells,Sports,4,563,2252
988,2024-11-30,549,Laptop,Electronics,2,372,744
989,2024-12-18,92,History Book,Books,3,881,2643
990,2024-12-18,968,T-Shirt,Clothing,5,779,3895
991,2024-04-15,731,Shoes,Clothing,2,1228,2456
992,2024-04-25,813,Laptop,Electronics,1,1935,1935
993,2024-08-03,619,Dumbbells,Sports,3,752,2256
994,2024-08-05,494,Smartwatch,Electronics,5,1711,8555
995,2024-08-16,882,Football,Sports,2,862,1724
996,2024-11-30,504,Headphones,Electronics,4,297,1188
997,2024-06-06,454,Dumbbells,Sports,5,1161,5805
998,2024-07-19,1008,Jeans,Clothing,3,640,1920
999,2024-10-23,915,Comics,Books,5,832,4160
1000,2024-06-23,108,Jeans,Clothing,1,1520,1520
1001,2024-03-24,195,Science Book,Books,4,379,1516
1002,2024-07-15,1366,Sofa,Home & Garden,3,1458,4374
1003,2024-01-20,556,Tennis Racket,Sports,3,432,1296
1004,2024-08-31,489,Jacket,Clothing,3,706,2118
1005,2024-03-12,889,Cricket Bat,Sports,4,1481,5924
1006,2024-04-11,769,Biography,Books,1,1600,1600
1007,2024-10-28,132,Yoga Mat,Sports,1,448,448
1008,2024-03-12,1474,Jacket,Clothing,3,632,1896
1009,2024-11-11,448,Football,Sports,2,877,1754
1010,2024-09-01,1202,T-Shirt,Clothing,1,1108,1108
1011,2024-01-09,591,Tennis Racket,Sports,2,207,414
1012,2024-11-09,376,Headphones,Electronics,3,1737,5211
1013,2024-01-19,266,Yoga Mat,Sports,3,1449,4347
1014,2024-04-11,1127,Mixer,Home & Garden,5,646,3230
1015,2024-12-30,962,Headphones,Electronics,4,1991,7964
1016,2024-06-15,978,Biography,Books,3,867,2601
1017,2024-04-08,1465,Comics,Books,4,374,1496
1018,2024-10-20,985,Mobile,Electronics,5,1932,9660
1019,2024-04-29,1339,Biography,Books,5,926,4630
1020,2024-02-06,630,Science Book,Books,1,448,448
1021,2024-09-14,183,Dress,Clothing,5,223,1115
1022,2024-01-12,511,Mobile,Electronics,4,1325,5300
1023,2024-02-21,503,Tablet,Electronics,2,935,1870
1024,2024-10-18,84,Shoes,Clothing,5,1468,7340
1025,2024-03-17,92,Tennis Racket,Sports,1,1565,1565
1026,2024-02-25,234,Lamp,Home & Garden,1,26,26
1027,2024-09-17,1274,Tennis Racket,Sports,5,1679,8395
1028,2024-04-15,794,Tablet,Electronics,3,653,1959
1029,2024-11-12,1141,Lamp,Home & Garden,2,893,1786
1030,2024-09-16,373,Headphones,Electronics,1,60,60
1031,2024-06-02,405,T-Shirt,Clothing,1,800,800
1032,2024-01-25,675,Cricket Bat,Sports,5,626,3130
1033,2024-09-07,306,Tennis Racket,Sports,1,1251,1251
1034,2024-10-07,234,T-Shirt,Clothing,1,1137,1137
1035,2024-02-08,1250,Tennis Racket,Sports,2,365,730
1036,2024-03-23,781,Chair,Home & Garden,2,360,720
1037,2024-01-26,1161,Headphones,Electronics,2,1196,2392
1038,2024-04-04,1180,Smartwatch,Electronics,1,330,330
1039,2024-03-15,365,Jacket,Clothing,1,500,500
1040,2024-02-24,275,Fiction Book,Books,1,1705,1705
1041,2024-12-13,152,History Book,Books,5,1499,7495
1042,2024-10-04,418,Comics,Books,2,582,1164
1043,2024-06-11,1355,Dress,Clothing,2,1280,2560
1044,2024-03-28,1465,Football,Sports,2,293,586
1045,2024-11-04,1259,History Book,Books,2,158,316
1046,2024-08-29,555,Headphones,Electronics,3,579,1737
1047,2024-01-12,60,Dress,Clothing,2,67,134
1048,2024-02-08,400,Headphones,Electronics,2,1556,3112
1049,2024-04-29,531,T-Shirt,Clothing,1,1669,1669
1050,2024-07-12,38,Dumbbells,Sports,4,206,824
1051,2024-07-15,1232,Football,Sports,2,891,1782
1052,2024-11-22,59,Lamp,Home & Garden,4,205,820
1053,2024-08-24,700,Cookware,Home & Garden,3,632,1896
1054,2024-11-08,140,Football,Sports,4,1490,5960
1055,2024-12-19,163,Sofa,Home & Garden,3,510,1530
1056,2024-09-21,1334,Jacket,Clothing,5,1174,5870
1057,2024-03-08,1038,Mixer,Home & Garden,2,1221,2442
1058,2024-12-23,1307,Tennis Racket,Sports,5,1752,8760
1059,2024-02-02,385,Fiction Book,Books,5,566,2830
1060,2024-03-06,1153,Laptop,Electronics,1,728,728
1061,2024-09-18,835,Mobile,Electronics,2,1750,3500
1062,2024-02-06,1293,Jeans,Clothing,3,1797,5391
1063,2024-04-23,792,Laptop,Electronics,3,1057,3171
1064,2024-02-24,261,Football,Sports,3,1307,3921
1065,2024-09-19,818,Science Book,Books,1,350,350
1066,2024-09-22,48,Chair,Home & Garden,4,914,3656
1067,2024-07-29,27,Mobile,Electronics,5,191,955
1068,2024-12-28,1476,Tablet,Electronics,4,1725,6900
1069,2024-08-22,36,Chair,Home & Garden,2,1995,3990
1070,2024-10-30,964,Jeans,Clothing,5,939,4695
1071,2024-05-16,834,Cookware,Home & Garden,4,962,3848
1072,2024-11-20,606,Headphones,Electronics,3,850,2550
1073,2024-06-07,411,Shoes,Clothing,1,1090,1090
1074,2024-08-10,626,Comics,Books,3,1976,5928
1075,2024-04-07,1308,Chair,Home & Garden,3,360,1080
1076,2024-06-03,490,Headphones,Electronics,1,1435,1435
1077,2024-11-23,1155,Yoga Mat,Sports,5,587,2935
1078,2024-09-25,1434,Jeans,Clothing,4,1190,4760
1079,2024-09-15,342,Biography,Books,2,519,1038
1080,2024-01-08,406,Fiction Book,Books,3,1878,5634
1081,2024-03-22,156,Mixer,Home & Garden,4,1988,7952
1082,2024-05-20,1434,Lamp,Home & Garden,2,1692,3384
1083,2024-02-10,175,Biography,Books,5,1305,6525
1084,2024-09-07,1388,Yoga Mat,Sports,4,1397,5588
1085,2024-01-08,841,Tennis Racket,Sports,4,433,1732
1086,2024-11-01,1145,Tennis Racket,Sports,5,1655,8275
1087,2024-11-01,465,Smartwatch,Electronics,5,1243,6215
1088,2024-03-22,257,Dress,Clothing,2,1030,2060
1089,2024-12-28,761,Smartwatch,Electronics,3,376,1128
1090,2024-05-25,1114,Comics,Books,3,757,2271
1091,2024-11-10,410,Laptop,Electronics,3,1175,3525
1092,2024-04-29,1111,Dress,Clothing,3,1974,5922
1093,2024-11-11,569,Jacket,Clothing,1,280,280
1094,2024-12-02,565,Headphones,Electronics,3,676,2028
1095,2024-03-01,990,Sofa,Home & Garden,1,1115,1115
1096,2024-01-17,624,T-Shirt,Clothing,4,1712,6848
1097,2024-11-11,1133,Lamp,Home & Garden,5,1574,7870
1098,2024-07-23,662,Cookware,Home & Garden,1,1701,1701
1099,2024-02-29,1139,Tablet,Electronics,4,1379,5516
1100,2024-09-20,1387,Shoes,Clothing,1,977,977
1101,2024-09-04,448,Dress,Clothing,5,1268,6340
1102,2024-07-03,603,Mobile,Electronics,5,473,2365
1103,2024-02-12,516,Dumbbells,Sports,5,718,3590
1104,2024-12-10,106,T-Shirt,Clothing,3,1468,4404
1105,2024-06-12,1197,Fiction Book,Books,4,1888,7552
1106,2024-08-04,347,Chair,Home & Garden,4,1138,4552
1107,2024-09-28,852,Lamp,Home & Garden,5,16,80
1108,2024-01-04,433,Mobile,Electronics,4,1519,6076
1109,2024-02-18,239,Laptop,Electronics,3,622,1866
1110,2024-10-05,139,Sofa,Home & Garden,3,391,1173
1111,2024-09-07,865,Lamp,Home & Garden,4,56,224
1112,2024-11-22,583,Lamp,Home & Garden,3,305,915
1113,2024-11-06,590,Yoga Mat,Sports,4,475,1900
1114,2024-12-26,343,Cookware,Home & Garden,2,1955,3910
1115,2024-05-28,262,Sofa,Home & Garden,2,1411,2822
1116,2024-05-10,1333,Smartwatch,Electronics,2,570,1140
1117,2024-09-19,1058,Cookware,Home & Garden,2,644,1288
1118,2024-01-17,658,Jacket,Clothing,4,1563,6252
1119,2024-09-02,3,Sofa,Home & Garden,4,1068,4272
1120,2024-03-22,1409,Football,Sports,5,1429,7145
1121,2024-04-24,578,T-Shirt,Clothing,4,951,3804
1122,2024-12-24,828,Shoes,Clothing,2,1580,3160
1123,2024-11-18,1183,Biography,Books,2,872,1744
1124,2024-12-30,680,Dumbbells,Sports,5,1880,9400
1125,2024-04-29,738,Fiction Book,Books,5,1571,7855
1126,2024-05-08,1097,Tablet,Electronics,4,963,3852
1127,2024-01-23,1189,Cookware,Home & Garden,2,660,1320
1128,2024-01-30,96,Biography,Books,1,913,913
1129,2024-08-31,749,Lamp,Home & Garden,4,54,216
1130,2024-01-16,158,Laptop,Electronics,2,910,1820
1131,2024-04-25,414,Yoga Mat,Sports,4,1173,4692
1132,2024-08-03,1231,Smartwatch,Electronics,5,95,475
1133,2024-06-04,389,Cricket Bat,Sports,1,1626,1626
1134,2024-04-07,615,Football,Sports,4,862,3448
1135,2024-11-27,423,Dress,Clothing,2,1817,3634
1136,2024-11-21,1267,Mixer,Home & Garden,4,303,1212
1137,2024-10-20,1020,Dress,Clothing,4,645,2580
1138,2024-08-14,155,Tablet,Electronics,4,1833,7332
1139,2024-12-24,375,Tennis Racket,Sports,4,1331,5324
1140,2024-06-23,1067,Tablet,Electronics,5,653,3265
1141,2024-07-20,768,Cookware,Home & Garden,3,1081,3243
1142,2024-04-22,355,Dumbbells,Sports,5,1964,9820
1143,2024-06-19,1227,Mixer,Home & Garden,4,1101,4404
1144,2024-05-25,410,Cookware,Home & Garden,3,1276,3828
1145,2024-10-02,424,Chair,Home & Garden,3,1037,3111
1146,2024-03-04,383,Headphones,Electronics,2,72,144
1147,2024-02-27,436,History Book,Books,5,191,955
1148,2024-02-13,86,Cookware,Home & Garden,2,644,1288
1149,2024-08-22,31,Fiction Book,Books,5,1262,6310
1150,2024-07-12,159,Jacket,Clothing,3,1915,5745
1151,2024-03-28,1168,Comics,Books,1,331,331
1152,2024-05-03,1285,Mobile,Electronics,4,406,1624
1153,2024-01-07,1250,Mobile,Electronics,4,1598,6392
1154,2024-05-17,1031,Biography,Books,2,1068,2136
1155,2024-02-09,16,Dumbbells,Sports,3,720,2160
1156,2024-05-25,795,Fiction Book,Books,2,1391,2782
1157,2024-11-13,272,Mobile,Electronics,3,984,2952
1158,2024-05-02,525,Football,Sports,4,1428,5712
1159,2024-11-27,474,Sofa,Home & Garden,4,1307,5228
1160,2024-10-05,825,Football,Sports,5,1644,8220
1161,2024-04-14,618,Yoga Mat,Sports,4,1717,6868
1162,2024-06-13,1407,Yoga Mat,Sports,4,1265,5060
1163,2024-12-02,312,Mobile,Electronics,2,207,414
1164,2024-03-09,250,Mixer,Home & Garden,5,1040,5200
1165,2024-04-30,185,Football,Sports,1,534,534
1166,2024-09-30,309,Dumbbells,Sports,3,1398,4194
1167,2024-07-05,1445,Dress,Clothing,3,896,2688
1168,2024-10-18,67,Football,Sports,3,1382,4146
1169,2024-09-21,1210,Mobile,Electronics,2,1769,3538
1170,2024-04-14,1157,Science Book,Books,1,1022,1022
1171,2024-10-18,1032,Jeans,Clothing,5,1627,8135
1172,2024-08-04,414,Dumbbells,Sports,2,1144,2288
1173,2024-05-20,13,Biography,Books,1,1641,1641
1174,2024-09-20,1123,Science Book,Books,4,978,3912
1175,2024-11-22,565,Dress,Clothing,3,1019,3057
1176,2024-04-18,755,Comics,Books,4,835,3340
1177,2024-11-19,628,Jeans,Clothing,4,1618,6472
1178,2024-12-16,444,Cricket Bat,Sports,2,307,614
1179,2024-12-15,595,Science Book,Books,5,1827,9135
1180,2024-09-05,629,Headphones,Electronics,4,92,368
1181,2024-04-16,840,Cookware,Home & Garden,1,1001,1001
1182,2024-05-17,1168,Jacket,Clothing,2,1107,2214
1183,2024-03-09,485,Yoga Mat,Sports,1,234,234
1184,2024-05-05,948,Tennis Racket,Sports,1,734,734
1185,2024-12-23,446,Mixer,Home & Garden,1,1329,1329
1186,2024-01-29,782,Dress,Clothing,2,1120,2240
1187,2024-11-29,322,Mobile,Electronics,1,1310,1310
1188,2024-04-19,385,Tennis Racket,Sports,1,316,316
1189,2024-11-25,222,Football,Sports,1,1741,1741
1190,2024-12-07,677,Biography,Books,5,237,1185
1191,2024-07-06,1011,Mixer,Home & Garden,5,1308,6540
1192,2024-02-23,635,Jeans,Clothing,1,1901,1901
1193,2024-10-16,768,Mobile,Electronics,4,491,1964
1194,2024-04-12,1371,Chair,Home & Garden,4,983,3932
1195,2024-06-09,96,T-Shirt,Clothing,3,512,1536
1196,2024-09-21,78,Headphones,Electronics,1,214,214
1197,2024-01-25,1316,Shoes,Clothing,2,1922,3844
1198,2024-05-25,1496,Fiction Book,Books,2,1873,3746
1199,2024-10-08,571,Jeans,Clothing,4,800,3200
1200,2024-08-01,295,Laptop,Electronics,2,221,442
1201,2024-12-12,1407,Football,Sports,2,178,356
1202,2024-02-19,1120,Comics,Books,3,1141,3423
1203,2024-05-12,30,Chair,Home & Garden,5,275,1375
1204,2024-03-26,1465,Smartwatch,Electronics,5,1618,8090
1205,2024-09-02,1187,Mobile,Electronics,5,884,4420
1206,2024-03-25,123,Jeans,Clothing,5,1775,8875
1207,2024-04-01,558,Lamp,Home & Garden,2,1287,2574
1208,2024-04-06,792,Tablet,Electronics,3,799,2397
1209,2024-11-18,297,Jeans,Clothing,2,632,1264
1210,2024-04-17,928,Cookware,Home & Garden,5,885,4425
1211,2024-12-14,59,Football,Sports,2,296,592
1212,2024-05-10,618,Shoes,Clothing,3,817,2451
1213,2024-08-29,90,Mixer,Home & Garden,3,863,2589
1214,2024-12-25,893,Laptop,Electronics,2,684,1368
1215,2024-08-20,226,Sofa,Home & Garden,5,892,4460
1216,2024-09-19,706,Cookware,Home & Garden,2,734,1468
1217,2024-01-23,933,Shoes,Clothing,1,1049,1049
1218,2024-12-08,352,Jeans,Clothing,3,1181,3543
1219,2024-04-18,761,Smartwatch,Electronics,4,1129,4516
1220,2024-08-17,632,Headphones,Electronics,4,1254,5016
1221,2024-02-07,382,Laptop,Electronics,2,1990,3980
1222,2024-06-06,458,Cricket Bat,Sports,5,462,2310
1223,2024-06-02,611,Cookware,Home & Garden,2,625,1250
1224,2024-08-06,422,Tennis Racket,Sports,5,1241,6205
1225,2024-07-08,1021,Science Book,Books,4,1146,4584
1226,2024-12-12,888,Mobile,Electronics,3,222,666
1227,2024-04-19,1058,Tennis Racket,Sports,1,1592,1592
1228,2024-09-26,986,Mobile,Electronics,1,295,295
1229,2024-06-15,47,Mobile,Electronics,3,513,1539
1230,2024-09-11,19,Biography,Books,4,1284,5136
1231,2024-12-09,233,Dress,Clothing,2,1379,2758
1232,2024-12-09,585,Mobile,Electronics,4,545,2180
1233,2024-11-08,795,Smartwatch,Electronics,4,1219,4876
1234,2024-04-03,1287,Yoga Mat,Sports,2,1612,3224
1235,2024-12-14,323,Mixer,Home & Garden,5,1453,7265
1236,2024-09-21,958,Yoga Mat,Sports,4,1694,6776
1237,2024-06-20,11,Fiction Book,Books,5,1426,7130
1238,2024-12-25,743,History Book,Books,4,556,2224
1239,2024-04-21,107,Mobile,Electronics,4,1561,6244
1240,2024-08-01,335,Sofa,Home & Garden,1,1473,1473
1241,2024-07-12,1127,Football,Sports,5,722,3610
1242,2024-08-16,782,Tablet,Electronics,1,1269,1269
1243,2024-06-11,326,Biography,Books,4,482,1928
1244,2024-09-27,180,Chair,Home & Garden,4,633,2532
1245,2024-01-05,1119,Chair,Home & Garden,3,300,900
1246,2024-06-08,259,T-Shirt,Clothing,3,1847,5541
1247,2024-09-04,1363,Comics,Books,3,996,2988
1248,2024-07-09,771,Laptop,Electronics,2,1444,2888
1249,2024-03-26,9,Mixer,Home & Garden,1,1789,1789
1250,2024-12-16,1026,Lamp,Home & Garden,4,1509,6036
1251,2024-08-26,1201,Dress,Clothing,2,1551,3102
1252,2024-12-11,505,Mobile,Electronics,1,1026,1026
1253,2024-10-27,282,Lamp,Home & Garden,4,312,1248
1254,2024-11-23,647,Football,Sports,4,76,304
1255,2024-09-21,425,Fiction Book,Books,4,1971,7884
1256,2024-06-30,155,Chair,Home & Garden,2,1510,3020
1257,2024-09-22,187,Football,Sports,4,383,1532
1258,2024-04-20,939,Tablet,Electronics,4,1874,7496
1259,2024-05-24,547,Biography,Books,3,53,159
1260,2024-05-06,473,Jacket,Clothing,4,1159,4636
1261,2024-10-28,126,Lamp,Home & Garden,5,791,3955
1262,2024-05-09,1347,Laptop,Electronics,4,1487,5948
1263,2024-08-31,1112,Jeans,Clothing,4,97,388
1264,2024-09-18,1027,Biography,Books,3,942,2826
1265,2024-05-08,788,Dress,Clothing,2,1263,2526
1266,2024-03-21,560,Laptop,Electronics,1,1270,1270
1267,2024-10-26,260,Lamp,Home & Garden,5,997,4985
1268,2024-02-03,1443,Headphones,Electronics,3,1655,4965
1269,2024-01-09,479,Dress,Clothing,4,348,1392
1270,2024-12-18,1305,Mixer,Home & Garden,4,1118,4472
1271,2024-05-20,756,Cricket Bat,Sports,1,1536,1536
1272,2024-07-02,931,Comics,Books,3,576,1728
1273,2024-10-21,638,Cricket Bat,Sports,3,1887,5661
1274,2024-07-05,1324,Headphones,Electronics,5,548,2740
1275,2024-11-04,1390,Fiction Book,Books,5,249,1245
1276,2024-05-07,331,Cricket Bat,Sports,5,1383,6915
1277,2024-11-17,489,Lamp,Home & Garden,5,1459,7295
1278,2024-03-26,771,History Book,Books,2,433,866
1279,2024-04-25,1275,Lamp,Home & Garden,3,1308,3924
1280,2024-07-23,662,Fiction Book,Books,3,1824,5472
1281,2024-12-21,206,Comics,Books,1,841,841
1282,2024-11-18,722,Dumbbells,Sports,2,1805,3610
1283,2024-08-18,97,History Book,Books,2,138,276
1284,2024-02-06,425,Lamp,Home & Garden,4,629,2516
1285,2024-02-01,131,History Book,Books,5,219,1095
1286,2024-12-03,761,Laptop,Electronics,5,1448,7240
1287,2024-12-05,554,Smartwatch,Electronics,4,77,308
1288,2024-05-26,362,Cricket Bat,Sports,3,293,879
1289,2024-08-12,759,Fiction Book,Books,4,1940,7760
1290,2024-01-25,1130,Cricket Bat,Sports,1,1148,1148
1291,2024-02-21,82,Tablet,Electronics,1,397,397
1292,2024-10-27,557,T-Shirt,Clothing,2,1030,2060
1293,2024-06-05,60,Mobile,Electronics,3,61,183
1294,2024-05-12,241,Biography,Books,5,1126,5630
1295,2024-09-19,613,Cookware,Home & Garden,2,1082,2164
1296,2024-04-22,602,Sofa,Home & Garden,2,225,450
1297,2024-07-09,811,Yoga Mat,Sports,3,622,1866
1298,2024-02-11,274,Cookware,Home & Garden,3,387,1161
1299,2024-12-11,845,Cricket Bat,Sports,3,1568,4704
1300,2024-11-04,521,Science Book,Books,4,368,1472
1301,2024-07-30,367,Laptop,Electronics,3,1679,5037
1302,2024-01-25,398,Dress,Clothing,1,1892,1892
1303,2024-10-18,618,Fiction Book,Books,3,315,945
1304,2024-10-11,30,Yoga Mat,Sports,2,415,830
1305,2024-08-01,880,Cookware,Home & Garden,4,547,2188
1306,2024-01-14,933,Laptop,Electronics,5,747,3735
1307,2024-12-09,2,Football,Sports,1,708,708
1308,2024-06-19,1452,Comics,Books,1,698,698
1309,2024-02-27,437,Tennis Racket,Sports,2,1103,2206
1310,2024-07-27,739,Sofa,Home & Garden,2,1430,2860
1311,2024-01-02,564,Smartwatch,Electronics,4,1610,6440
1312,2024-08-23,906,Cookware,Home & Garden,5,1599,7995
1313,2024-04-20,733,Fiction Book,Books,4,183,732
1314,2024-09-20,32,Dumbbells,Sports,5,1023,5115
1315,2024-02-02,1489,Shoes,Clothing,1,1973,1973
1316,2024-09-18,449,Dumbbells,Sports,2,696,1392
1317,2024-01-12,1155,Chair,Home & Garden,3,70,210
1318,2024-10-02,1289,Fiction Book,Books,3,375,1125
1319,2024-07-26,533,Cricket Bat,Sports,1,1290,1290
1320,2024-02-24,1025,Yoga Mat,Sports,5,1376,6880
1321,2024-10-07,617,Laptop,Electronics,1,1901,1901
1322,2024-12-08,732,Headphones,Electronics,2,1796,3592
1323,2024-09-04,167,Smartwatch,Electronics,2,1051,2102
1324,2024-12-25,629,Comics,Books,1,657,657
1325,2024-12-02,589,Lamp,Home & Garden,3,1351,4053
1326,2024-06-16,562,Shoes,Clothing,3,1825,5475
1327,2024-06-12,1476,T-Shirt,Clothing,4,1580,6320
1328,2024-11-14,534,Jacket,Clothing,1,942,942
1329,2024-10-25,1162,Headphones,Electronics,1,345,345
1330,2024-12-29,715,Yoga Mat,Sports,4,1767,7068
1331,2024-02-22,1476,Cricket Bat,Sports,1,1311,1311
1332,2024-12-24,922,Football,Sports,1,318,318
1333,2024-01-17,164,Mixer,Home & Garden,4,193,772
1334,2024-05-21,1041,Comics,Books,2,1833,3666
1335,2024-12-05,251,T-Shirt,Clothing,2,1635,3270
1336,2024-07-11,896,History Book,Books,1,1069,1069
1337,2024-12-31,645,Chair,Home & Garden,4,1098,4392
1338,2024-01-19,575,Football,Sports,3,902,2706
1339,2024-10-19,319,History Book,Books,4,1016,4064
1340,2024-10-06,833,Mobile,Electronics,2,1215,2430
1341,2024-01-02,244,History Book,Books,5,1153,5765
1342,2024-05-18,351,Chair,Home & Garden,3,99,297
1343,2024-02-27,1240,Headphones,Electronics,3,1903,5709
1344,2024-11-27,892,Fiction Book,Books,5,555,2775
1345,2024-11-09,419,Mixer,Home & Garden,2,1870,3740
1346,2024-03-21,1076,Mixer,Home & Garden,1,1678,1678
1347,2024-08-15,646,Lamp,Home & Garden,5,96,480
1348,2024-03-15,378,Cookware,Home & Garden,3,1462,4386
1349,2024-11-16,1444,Yoga Mat,Sports,1,757,757
1350,2024-05-13,274,Dress,Clothing,3,1586,4758
1351,2024-12-01,1103,Jeans,Clothing,5,331,1655
1352,2024-12-21,1354,Lamp,Home & Garden,2,223,446
1353,2024-11-06,985,Jacket,Clothing,2,268,536
1354,2024-06-03,1465,T-Shirt,Clothing,5,1765,8825
1355,2024-04-09,818,Football,Sports,1,728,728
1356,2024-03-11,971,T-Shirt,Clothing,1,463,463
1357,2024-06-17,43,Tennis Racket,Sports,5,388,1940
1358,2024-01-11,313,Biography,Books,1,1203,1203
1359,2024-10-14,1111,Shoes,Clothing,5,65,325
1360,2024-02-03,1331,Chair,Home & Garden,3,1048,3144
1361,2024-12-17,901,Tablet,Electronics,5,1776,8880
1362,2024-05-06,1347,Laptop,Electronics,3,1329,3987
1363,2024-08-18,973,Cricket Bat,Sports,1,804,804
1364,2024-07-18,1367,Cricket Bat,Sports,5,1340,6700
1365,2024-05-25,783,Tennis Racket,Sports,4,389,1556
1366,2024-08-24,114,Cookware,Home & Garden,4,754,3016
1367,2024-06-19,107,Biography,Books,1,1744,1744
1368,2024-06-03,1256,Mobile,Electronics,4,261,1044
1369,2024-02-23,1288,Dress,Clothing,2,1065,2130
1370,2024-08-11,1153,Fiction Book,Books,3,159,477
1371,2024-10-15,1379,Mobile,Electronics,5,1733,8665
1372,2024-11-10,52,Science Book,Books,3,1594,4782
1373,2024-06-30,330,Shoes,Clothing,3,1855,5565
1374,2024-07-27,136,Comics,Books,5,125,625
1375,2024-02-13,1008,Mixer,Home & Garden,1,1206,1206
1376,2024-01-22,70,Mobile,Electronics,3,127,381
1377,2024-05-17,1167,Comics,Books,1,1644,1644
1378,2024-03-29,1363,Tablet,Electronics,1,1026,1026
1379,2024-10-18,1481,Dumbbells,Sports,4,1641,6564
1380,2024-06-18,290,T-Shirt,Clothing,2,1725,3450
1381,2024-01-27,369,Science Book,Books,3,173,519
1382,2024-02-23,748,Football,Sports,4,1163,4652
1383,2024-07-28,1410,Science Book,Books,2,208,416
1384,2024-06-14,929,Jeans,Clothing,2,313,626
1385,2024-04-23,364,Dumbbells,Sports,3,846,2538
1386,2024-03-03,566,History Book,Books,3,773,2319
1387,2024-12-11,1372,Biography,Books,5,1089,5445
1388,2024-10-07,1231,Jeans,Clothing,1,1352,1352
1389,2024-07-20,1431,Chair,Home & Garden,4,182,728
1390,2024-11-16,1187,Dumbbells,Sports,3,184,552
1391,2024-01-31,1093,Mixer,Home & Garden,2,340,680
1392,2024-02-18,59,Dress,Clothing,5,158,790
1393,2024-06-14,445,Dress,Clothing,4,432,1728
1394,2024-09-10,26,Fiction Book,Books,4,55,220
1395,2024-01-14,487,Tennis Racket,Sports,2,1945,3890
1396,2024-10-14,917,Cricket Bat,Sports,1,1081,1081
1397,2024-07-24,215,Tennis Racket,Sports,3,398,1194
1398,2024-02-20,451,Cookware,Home & Garden,4,339,1356
1399,2024-11-09,1248,Comics,Books,3,385,1155
1400,2024-07-11,1340,Headphones,Electronics,2,629,1258
1401,2024-05-02,446,Sofa,Home & Garden,2,59,118
1402,2024-11-03,592,Smartwatch,Electronics,3,1703,5109
1403,2024-05-09,1006,T-Shirt,Clothing,4,1221,4884
1404,2024-03-29,806,T-Shirt,Clothing,3,1823,5469
1405,2024-10-30,1129,Laptop,Electronics,4,50,200
1406,2024-06-30,988,History Book,Books,5,741,3705
1407,2024-06-09,763,Football,Sports,5,344,1720
1408,2024-03-28,820,Science Book,Books,4,852,3408
1409,2024-04-24,215,Cookware,Home & Garden,5,1160,5800
1410,2024-01-05,660,Smartwatch,Electronics,2,1931,3862
1411,2024-01-14,1036,Comics,Books,1,1458,1458
1412,2024-12-25,1416,T-Shirt,Clothing,2,1445,2890
1413,2024-02-03,1492,Fiction Book,Books,3,903,2709
1414,2024-11-12,186,Jeans,Clothing,1,1378,1378
1415,2024-04-26,1091,Chair,Home & Garden,3,202,606
1416,2024-08-16,940,Sofa,Home & Garden,5,1426,7130
1417,2024-05-16,1185,Dumbbells,Sports,4,1906,7624
1418,2024-03-03,1406,Jacket,Clothing,1,838,838
1419,2024-05-25,579,Chair,Home & Garden,1,876,876
1420,2024-02-11,1095,T-Shirt,Clothing,3,211,633
1421,2024-02-21,1152,Fiction Book,Books,5,201,1005
1422,2024-12-08,100,Dumbbells,Sports,2,1536,3072
1423,2024-08-30,894,T-Shirt,Clothing,4,49,196
1424,2024-07-02,988,Football,Sports,5,935,4675
1425,2024-06-12,641,Jeans,Clothing,3,972,2916
1426,2024-11-26,216,Dumbbells,Sports,3,1959,5877
1427,2024-10-03,1231,Football,Sports,5,963,4815
1428,2024-04-26,1418,Lamp,Home & Garden,5,1309,6545
1429,2024-12-19,522,Tennis Racket,Sports,5,219,1095
1430,2024-08-20,989,Football,Sports,3,169,507
1431,2024-04-26,1367,Tennis Racket,Sports,5,1943,9715
1432,2024-07-15,528,Tablet,Electronics,4,258,1032
1433,2024-02-14,1209,Yoga Mat,Sports,2,318,636
1434,2024-06-29,1401,Shoes,Clothing,1,387,387
1435,2024-11-02,101,Jeans,Clothing,2,137,274
1436,2024-11-27,385,Football,Sports,5,1608,8040
1437,2024-07-13,586,Sofa,Home & Garden,2,1048,2096
1438,2024-05-16,712,Lamp,Home & Garden,3,277,831
1439,2024-02-28,1434,Tablet,Electronics,2,868,1736
1440,2024-01-15,496,Tablet,Electronics,1,255,255
1441,2024-10-01,1171,Dress,Clothing,5,1039,5195
1442,2024-06-06,566,History Book,Books,2,521,1042
1443,2024-11-04,1237,Comics,Books,3,456,1368
1444,2024-11-20,584,Mobile,Electronics,2,1404,2808
1445,2024-12-18,984,Jacket,Clothing,3,1598,4794
1446,2024-02-11,1459,Chair,Home & Garden,4,312,1248
1447,2024-12-22,896,Yoga Mat,Sports,5,1751,8755
1448,2024-03-02,757,Mobile,Electronics,4,1004,4016
1449,2024-06-26,433,History Book,Books,3,929,2787
1450,2024-03-27,1082,T-Shirt,Clothing,1,1786,1786
1451,2024-09-08,1275,Cookware,Home & Garden,5,58,290
1452,2024-02-26,1419,Mobile,Electronics,1,1067,1067
1453,2024-01-20,984,Jacket,Clothing,4,1382,5528
1454,2024-09-22,648,Sofa,Home & Garden,3,713,2139
1455,2024-08-16,124,Jeans,Clothing,3,1011,3033
1456,2024-01-28,322,Smartwatch,Electronics,2,1384,2768
1457,2024-04-08,1474,Yoga Mat,Sports,2,527,1054
1458,2024-05-03,279,Jeans,Clothing,1,1543,1543
1459,2024-07-26,1093,Chair,Home & Garden,4,1734,6936
1460,2024-04-06,150,Science Book,Books,3,1834,5502
1461,2024-05-29,977,Cricket Bat,Sports,5,524,2620
1462,2024-10-25,763,Laptop,Electronics,1,430,430
1463,2024-12-29,1025,Lamp,Home & Garden,5,485,2425
1464,2024-06-02,1014,Football,Sports,2,251,502
1465,2024-12-24,778,Jacket,Clothing,5,1506,7530
1466,2024-06-20,204,Yoga Mat,Sports,4,1781,7124
1467,2024-03-14,1284,Dress,Clothing,4,1653,6612
1468,2024-11-15,1028,Lamp,Home & Garden,2,1323,2646
1469,2024-09-05,195,Jeans,Clothing,3,1914,5742
1470,2024-08-24,1025,T-Shirt,Clothing,3,1653,4959
1471,2024-07-29,214,Sofa,Home & Garden,5,1418,7090
1472,2024-03-24,75,History Book,Books,2,935,1870
1473,2024-05-23,270,Tennis Racket,Sports,5,294,1470
1474,2024-02-23,966,Tablet,Electronics,1,567,567
1475,2024-06-07,1166,Tablet,Electronics,1,760,760
1476,2024-03-16,689,Cricket Bat,Sports,4,1054,4216
1477,2024-10-16,1344,History Book,Books,5,1972,9860
1478,2024-06-11,125,Sofa,Home & Garden,4,956,3824
1479,2024-06-19,811,Dress,Clothing,1,816,816
1480,2024-01-23,1432,T-Shirt,Clothing,1,164,164
1481,2024-03-28,1192,Shoes,Clothing,4,1408,5632
1482,2024-04-02,353,Chair,Home & Garden,3,1043,3129
1483,2024-02-17,409,Mixer,Home & Garden,1,359,359
1484,2024-02-29,29,Laptop,Electronics,1,880,880
1485,2024-06-09,677,Fiction Book,Books,5,491,2455
1486,2024-06-28,803,T-Shirt,Clothing,4,432,1728
1487,2024-11-20,953,Cookware,Home & Garden,2,1809,3618
1488,2024-06-25,993,Dumbbells,Sports,1,1476,1476
1489,2024-10-26,769,T-Shirt,Clothing,3,15,45
1490,2024-10-15,1407,Mobile,Electronics,2,1714,3428
1491,2024-01-29,729,Yoga Mat,Sports,2,541,1082
1492,2024-04-14,1146,Headphones,Electronics,3,519,1557
1493,2024-10-15,1481,Dumbbells,Sports,4,642,2568
1494,2024-11-05,770,Yoga Mat,Sports,2,533,1066
1495,2024-07-30,251,T-Shirt,Clothing,5,793,3965
1496,2024-05-07,647,Laptop,Electronics,4,1975,7900
1497,2024-10-11,550,Football,Sports,5,681,3405
1498,2024-03-18,891,Football,Sports,4,873,3492
1499,2024-01-24,951,Lamp,Home & Garden,5,348,1740
1500,2024-09-19,272,Football,Sports,2,30,60
1501,2024-10-22,557,Jeans,Clothing,3,715,2145
1502,2024-04-20,101,Lamp,Home & Garden,5,343,1715
1503,2024-07-11,76,Tennis Racket,Sports,4,1233,4932
1504,2024-07-17,1450,Laptop,Electronics,1,211,211
1505,2024-06-13,270,Cookware,Home & Garden,5,1424,7120
1506,2024-08-20,231,Sofa,Home & Garden,3,214,642
1507,2024-05-17,504,Headphones,Electronics,2,1732,3464
1508,2024-06-07,1213,Chair,Home & Garden,2,543,1086
1509,2024-09-02,1402,Football,Sports,2,1896,3792
1510,2024-01-19,1129,Jacket,Clothing,3,1234,3702
1511,2024-03-18,1366,Dress,Clothing,5,693,3465
1512,2024-03-27,1335,Dress,Clothing,3,1452,4356
1513,2024-11-21,1391,Fiction Book,Books,1,528,528
1514,2024-05-02,1040,Jeans,Clothing,3,1624,4872
1515,2024-08-14,540,Shoes,Clothing,3,2000,6000
1516,2024-04-13,289,Mobile,Electronics,5,1671,8355
1517,2024-09-12,1450,Tablet,Electronics,3,1070,3210
1518,2024-03-31,511,Cookware,Home & Garden,1,353,353
1519,2024-07-20,1264,Sofa,Home & Garden,2,1993,3986
1520,2024-07-28,494,Sofa,Home & Garden,4,1631,6524
1521,2024-12-25,795,Jacket,Clothing,2,609,1218
1522,2024-04-20,1291,Tablet,Electronics,1,1694,1694
1523,2024-04-11,1331,Tennis Racket,Sports,3,20,60
1524,2024-07-17,1422,Dress,Clothing,2,44,88
1525,2024-05-05,665,Cookware,Home & Garden,1,1103,1103
1526,2024-03-18,1294,T-Shirt,Clothing,3,712,2136
1527,2024-08-02,1424,Mixer,Home & Garden,3,1811,5433
1528,2024-09-04,1426,Jacket,Clothing,5,232,1160
1529,2024-12-07,1458,Smartwatch,Electronics,3,894,2682
1530,2024-04-14,484,Sofa,Home & Garden,2,1166,2332
1531,2024-02-15,191,Headphones,Electronics,4,220,880
1532,2024-07-06,1487,Mobile,Electronics,1,1135,1135
1533,2024-11-25,1150,Dumbbells,Sports,5,1236,6180
1534,2024-07-15,927,Dumbbells,Sports,5,388,1940
1535,2024-11-19,1488,T-Shirt,Clothing,1,1411,1411
1536,2024-11-18,1015,Dress,Clothing,2,363,726
1537,2024-05-25,689,Tennis Racket,Sports,4,202,808
1538,2024-02-15,1450,Mobile,Electronics,2,1617,3234
1539,2024-07-13,867,Comics,Books,1,1896,1896
1540,2024-07-18,1365,Cricket Bat,Sports,2,1798,3596
1541,2024-04-30,1164,Laptop,Electronics,4,908,3632
1542,2024-02-23,996,Jacket,Clothing,5,1277,6385
1543,2024-02-22,789,Headphones,Electronics,4,788,3152
1544,2024-08-26,446,Science Book,Books,5,1346,6730
1545,2024-09-15,1398,Cricket Bat,Sports,2,1203,2406
1546,2024-03-24,494,Mixer,Home & Garden,3,164,492
1547,2024-02-01,1258,Chair,Home & Garden,1,969,969
1548,2024-05-17,1325,Fiction Book,Books,3,1598,4794
1549,2024-04-17,961,Dumbbells,Sports,5,15,75
1550,2024-02-11,818,Fiction Book,Books,4,1025,4100
1551,2024-06-02,402,Laptop,Electronics,3,1889,5667
1552,2024-03-27,856,Dumbbells,Sports,5,1176,5880
1553,2024-07-13,1269,T-Shirt,Clothing,5,735,3675
1554,2024-05-07,1392,Yoga Mat,Sports,2,1606,3212
1555,2024-06-04,597,Biography,Books,2,84,168
1556,2024-07-15,1424,Mobile,Electronics,3,1727,5181
1557,2024-01-04,389,T-Shirt,Clothing,4,1736,6944
1558,2024-07-22,507,T-Shirt,Clothing,4,1016,4064
1559,2024-02-22,128,Fiction Book,Books,1,505,505
1560,2024-07-21,975,T-Shirt,Clothing,5,1468,7340
1561,2024-03-26,814,Cricket Bat,Sports,1,440,440
1562,2024-09-10,926,Cookware,Home & Garden,2,252,504
1563,2024-03-22,1010,Yoga Mat,Sports,4,233,932
1564,2024-02-19,674,Mobile,Electronics,1,1229,1229
1565,2024-10-06,630,Lamp,Home & Garden,3,315,945
1566,2024-03-27,851,Tablet,Electronics,4,423,1692
1567,2024-04-05,250,Dress,Clothing,5,388,1940
1568,2024-11-13,377,Comics,Books,1,1825,1825
1569,2024-04-30,789,Shoes,Clothing,3,1125,3375
1570,2024-01-05,637,Comics,Books,1,1916,1916
1571,2024-02-09,717,Dumbbells,Sports,2,1095,2190
1572,2024-11-16,1113,Mixer,Home & Garden,5,1222,6110
1573,2024-02-09,1410,History Book,Books,3,994,2982
1574,2024-07-09,153,Laptop,Electronics,4,728,2912
1575,2024-09-17,1200,Chair,Home & Garden,4,253,1012
1576,2024-09-13,74,Dress,Clothing,4,1224,4896
1577,2024-10-20,695,Chair,Home & Garden,4,833,3332
1578,2024-07-15,1288,T-Shirt,Clothing,3,850,2550
1579,2024-11-29,353,Sofa,Home & Garden,1,1810,1810
1580,2024-11-12,1195,History Book,Books,2,96,192
1581,2024-01-24,753,Yoga Mat,Sports,3,248,744
1582,2024-12-04,645,Yoga Mat,Sports,3,1951,5853
1583,2024-03-23,355,Tennis Racket,Sports,4,390,1560
1584,2024-12-23,777,Mobile,Electronics,5,1815,9075
1585,2024-02-08,1013,Chair,Home & Garden,4,1577,6308
1586,2024-07-08,602,Smartwatch,Electronics,3,247,741
1587,2024-08-22,858,Biography,Books,3,892,2676
1588,2024-08-12,637,Laptop,Electronics,1,988,988
1589,2024-01-07,372,Smartwatch,Electronics,4,1580,6320
1590,2024-07-08,1414,Jeans,Clothing,2,24,48
1591,2024-12-18,714,Sofa,Home & Garden,2,28,56
1592,2024-03-21,783,Comics,Books,2,223,446
1593,2024-10-03,364,Dress,Clothing,5,1643,8215
1594,2024-02-15,133,T-Shirt,Clothing,4,1039,4156
1595,2024-06-06,1188,Tablet,Electronics,4,792,3168
1596,2024-05-13,87,Fiction Book,Books,3,1839,5517
1597,2024-12-04,1218,Lamp,Home & Garden,4,188,752
1598,2024-05-09,654,T-Shirt,Clothing,1,1084,1084
1599,2024-03-28,1370,Tennis Racket,Sports,5,760,3800
1600,2024-05-08,734,Science Book,Books,2,122,244
1601,2024-02-09,566,History Book,Books,3,1751,5253
1602,2024-02-12,857,Dress,Clothing,1,319,319
1603,2024-01-10,1049,T-Shirt,Clothing,1,1808,1808
1604,2024-07-08,1384,Cookware,Home & Garden,4,1735,6940
1605,2024-07-21,338,Comics,Books,2,1771,3542
1606,2024-11-29,670,Cookware,Home & Garden,1,985,985
1607,2024-12-28,235,Shoes,Clothing,1,266,266
1608,2024-04-16,1415,History Book,Books,5,1780,8900
1609,2024-02-22,812,Chair,Home & Garden,3,566,1698
1610,2024-12-30,336,Science Book,Books,4,431,1724
1611,2024-06-30,747,Jacket,Clothing,2,1420,2840
1612,2024-04-13,598,Biography,Books,5,1232,6160
1613,2024-03-08,731,Chair,Home & Garden,3,1878,5634
1614,2024-09-02,994,Dress,Clothing,5,752,3760
1615,2024-05-01,949,Laptop,Electronics,5,217,1085
1616,2024-06-12,1192,Biography,Books,4,861,3444
1617,2024-03-03,1215,Laptop,Electronics,2,1079,2158
1618,2024-12-12,1438,Cookware,Home & Garden,2,1792,3584
1619,2024-02-13,1304,Laptop,Electronics,5,889,4445
1620,2024-05-09,581,Smartwatch,Electronics,5,1282,6410
1621,2024-04-19,902,Tennis Racket,Sports,5,1568,7840
1622,2024-10-08,1335,Dress,Clothing,3,1298,3894
1623,2024-12-19,943,Comics,Books,3,678,2034
1624,2024-11-04,233,Mobile,Electronics,1,480,480
1625,2024-10-05,185,Biography,Books,1,437,437
1626,2024-01-21,163,Mobile,Electronics,3,1314,3942
1627,2024-05-10,341,Science Book,Books,2,225,450
1628,2024-12-27,1403,Headphones,Electronics,4,1860,7440
1629,2024-07-09,466,Jeans,Clothing,1,456,456
1630,2024-08-23,388,Lamp,Home & Garden,1,735,735
1631,2024-04-06,276,History Book,Books,5,300,1500
1632,2024-05-08,963,T-Shirt,Clothing,5,1378,6890
1633,2024-07-13,852,Chair,Home & Garden,3,593,1779
1634,2024-02-20,1221,Fiction Book,Books,2,1146,2292
1635,2024-06-30,144,Dress,Clothing,5,1070,5350
1636,2024-05-18,19,Shoes,Clothing,5,1643,8215
1637,2024-02-27,1165,Science Book,Books,1,883,883
1638,2024-01-21,1198,Tennis Racket,Sports,3,1808,5424
1639,2024-07-27,439,Comics,Books,5,836,4180
1640,2024-09-21,275,T-Shirt,Clothing,1,267,267
1641,2024-08-30,733,Cookware,Home & Garden,4,797,3188
1642,2024-09-16,1480,Mobile,Electronics,2,1962,3924
1643,2024-08-17,1491,Headphones,Electronics,5,730,3650
1644,2024-03-31,791,Headphones,Electronics,5,1207,6035
1645,2024-01-04,1412,Mixer,Home & Garden,2,647,1294
1646,2024-08-28,56,History Book,Books,4,423,1692
1647,2024-06-03,688,T-Shirt,Clothing,2,1900,3800
1648,2024-06-06,1437,Mobile,Electronics,1,1549,1549
1649,2024-08-08,621,Mixer,Home & Garden,2,512,1024
1650,2024-04-26,623,Dress,Clothing,5,1747,8735
1651,2024-01-07,330,Shoes,Clothing,2,1280,2560
1652,2024-09-28,480,Cookware,Home & Garden,3,1062,3186
1653,2024-02-17,897,Cookware,Home & Garden,3,72,216
1654,2024-12-31,894,Biography,Books,3,1065,3195
1655,2024-07-27,719,Headphones,Electronics,2,1368,2736
1656,2024-10-29,49,Mixer,Home & Garden,4,1397,5588
1657,2024-11-06,1118,Science Book,Books,5,381,1905
1658,2024-07-25,1084,Science Book,Books,3,181,543
1659,2024-06-02,462,Sofa,Home & Garden,4,1540,6160
1660,2024-10-29,6,Football,Sports,5,1796,8980
1661,2024-03-19,118,Tablet,Electronics,4,1785,7140
1662,2024-10-09,701,Dress,Clothing,5,74,370
1663,2024-09-19,134,Lamp,Home & Garden,5,1394,6970
1664,2024-04-22,883,Mobile,Electronics,4,1681,6724
1665,2024-11-04,273,Headphones,Electronics,1,1593,1593
1666,2024-08-30,687,Lamp,Home & Garden,4,860,3440
1667,2024-09-03,853,Mobile,Electronics,4,1210,4840
1668,2024-04-14,701,Tennis Racket,Sports,1,1603,1603
1669,2024-05-19,1338,T-Shirt,Clothing,2,993,1986
1670,2024-03-03,666,Laptop,Electronics,2,1928,3856
1671,2024-12-13,211,Fiction Book,Books,2,1559,3118
1672,2024-10-12,1229,Chair,Home & Garden,5,979,4895
1673,2024-02-12,182,Football,Sports,3,713,2139
1674,2024-06-16,565,Tennis Racket,Sports,5,1079,5395
1675,2024-12-23,249,Jeans,Clothing,1,1810,1810
1676,2024-10-11,437,Mobile,Electronics,1,1744,1744
1677,2024-02-02,1236,Mobile,Electronics,3,877,2631
1678,2024-12-08,914,Fiction Book,Books,3,1630,4890
1679,2024-05-08,304,Dumbbells,Sports,5,463,2315
1680,2024-11-17,1263,Headphones,Electronics,1,1008,1008
1681,2024-07-21,739,History Book,Books,1,510,510
1682,2024-11-13,1355,Cricket Bat,Sports,2,91,182
1683,2024-08-31,975,Tennis Racket,Sports,4,1372,5488
1684,2024-07-22,1068,Jeans,Clothing,4,1211,4844
1685,2024-11-08,592,Dumbbells,Sports,2,996,1992
1686,2024-02-06,597,Cricket Bat,Sports,3,843,2529
1687,2024-01-24,1452,Dumbbells,Sports,3,793,2379
1688,2024-05-26,564,Biography,Books,2,1492,2984
1689,2024-06-16,1175,Jacket,Clothing,3,1027,3081
1690,2024-04-25,952,Mixer,Home & Garden,4,1718,6872
1691,2024-03-06,71,Dumbbells,Sports,2,330,660
1692,2024-06-09,1178,Smartwatch,Electronics,4,614,2456
1693,2024-04-10,1351,Yoga Mat,Sports,2,428,856
1694,2024-10-24,383,Science Book,Books,4,471,1884
1695,2024-05-24,543,Cookware,Home & Garden,1,1638,1638
1696,2024-05-09,1309,Biography,Books,4,1196,4784
1697,2024-12-01,802,Mobile,Electronics,3,1254,3762
1698,2024-07-07,163,Cricket Bat,Sports,2,1611,3222
1699,2024-04-16,882,Dress,Clothing,4,619,2476
1700,2024-02-13,433,Comics,Books,5,1783,8915
1701,2024-02-27,362,Mobile,Electronics,3,1311,3933
1702,2024-01-24,1080,Mobile,Electronics,1,352,352
1703,2024-05-06,399,Cricket Bat,Sports,1,1640,1640
1704,2024-11-19,631,Football,Sports,2,1390,2780
1705,2024-11-22,1330,Football,Sports,4,260,1040
1706,2024-11-22,1290,Yoga Mat,Sports,3,730,2190
1707,2024-05-09,1399,Headphones,Electronics,1,343,343
1708,2024-11-05,1173,Cookware,Home & Garden,1,1560,1560
1709,2024-11-12,1083,Fiction Book,Books,1,1164,1164
1710,2024-12-27,16,Dumbbells,Sports,1,1946,1946
1711,2024-08-17,1092,Mixer,Home & Garden,4,841,3364
1712,2024-02-07,351,Biography,Books,5,1879,9395
1713,2024-10-28,609,Cricket Bat,Sports,1,143,143
1714,2024-11-29,82,Sofa,Home & Garden,1,557,557
1715,2024-10-13,178,Cookware,Home & Garden,4,159,636
1716,2024-08-20,159,Headphones,Electronics,3,1859,5577
1717,2024-01-07,940,Fiction Book,Books,5,375,1875
1718,2024-08-16,66,Jeans,Clothing,4,710,2840
1719,2024-06-05,552,Cookware,Home & Garden,3,421,1263
1720,2024-02-08,130,Chair,Home & Garden,5,256,1280
1721,2024-01-18,587,Headphones,Electronics,2,1927,3854
1722,2024-08-19,141,T-Shirt,Clothing,2,1422,2844
1723,2024-01-13,1379,Headphones,Electronics,5,977,4885
1724,2024-05-16,1443,Tennis Racket,Sports,2,1828,3656
1725,2024-12-08,921,Football,Sports,3,1732,5196
1726,2024-03-15,379,Fiction Book,Books,1,1514,1514
1727,2024-07-24,1256,Science Book,Books,5,911,4555
1728,2024-11-20,952,Tennis Racket,Sports,4,215,860
1729,2024-11-19,360,Tennis Racket,Sports,5,1155,5775
1730,2024-03-29,755,Headphones,Electronics,4,190,760
1731,2024-10-02,814,Fiction Book,Books,5,947,4735
1732,2024-12-14,1252,Cricket Bat,Sports,1,694,694
1733,2024-08-18,486,Comics,Books,5,325,1625
1734,2024-05-03,193,Mixer,Home & Garden,5,761,3805
1735,2024-09-05,1007,Dumbbells,Sports,5,1429,7145
1736,2024-07-04,1140,Cookware,Home & Garden,4,121,484
1737,2024-09-14,1270,Tennis Racket,Sports,1,1161,1161
1738,2024-03-14,19,Chair,Home & Garden,5,831,4155
1739,2024-07-17,829,Cricket Bat,Sports,4,575,2300
1740,2024-04-23,1185,Sofa,Home & Garden,2,975,1950
1741,2024-07-10,859,Chair,Home & Garden,3,749,2247
1742,2024-11-29,201,Headphones,Electronics,3,277,831
1743,2024-09-19,582,T-Shirt,Clothing,2,1348,2696
1744,2024-03-13,1014,Dress,Clothing,4,570,2280
1745,2024-12-11,1290,Football,Sports,1,529,529
1746,2024-05-16,1227,Fiction Book,Books,5,998,4990
1747,2024-11-27,694,Tablet,Electronics,3,1357,4071
1748,2024-04-16,1102,Jeans,Clothing,1,80,80
1749,2024-11-02,411,Smartwatch,Electronics,1,1512,1512
1750,2024-01-31,646,Cookware,Home & Garden,4,1883,7532
1751,2024-11-23,1043,Cookware,Home & Garden,1,586,586
1752,2024-09-11,508,Mobile,Electronics,5,445,2225
1753,2024-01-15,856,Smartwatch,Electronics,4,1484,5936
1754,2024-10-15,1176,Mobile,Electronics,1,854,854
1755,2024-04-20,563,Laptop,Electronics,5,944,4720
1756,2024-08-17,842,Jacket,Clothing,3,1858,5574
1757,2024-01-14,555,Mixer,Home & Garden,3,1865,5595
1758,2024-10-30,744,Chair,Home & Garden,2,1159,2318
1759,2024-05-31,1175,Yoga Mat,Sports,3,1291,3873
1760,2024-03-09,1038,Football,Sports,5,1776,8880
1761,2024-01-30,739,Mixer,Home & Garden,1,1382,1382
1762,2024-10-26,507,Laptop,Electronics,1,712,712
1763,2024-08-17,973,Dress,Clothing,3,555,1665
1764,2024-05-27,380,Cookware,Home & Garden,4,1637,6548
1765,2024-12-04,383,Mobile,Electronics,1,934,934
1766,2024-06-24,574,Biography,Books,3,973,2919
1767,2024-05-06,1448,Football,Sports,4,951,3804
1768,2024-04-26,664,Comics,Books,3,22,66
1769,2024-08-30,1308,Lamp,Home & Garden,5,1313,6565
1770,2024-11-05,1313,Science Book,Books,1,1941,1941
1771,2024-01-11,1189,Headphones,Electronics,4,69,276
1772,2024-10-03,236,Science Book,Books,3,749,2247
1773,2024-04-05,1019,Cookware,Home & Garden,1,1865,1865
1774,2024-02-05,363,Headphones,Electronics,5,973,4865
1775,2024-02-07,1137,Football,Sports,5,207,1035
1776,2024-12-28,869,Comics,Books,3,1214,3642
1777,2024-04-19,410,Shoes,Clothing,2,526,1052
1778,2024-05-08,1207,Comics,Books,3,751,2253
1779,2024-12-10,624,Sofa,Home & Garden,2,422,844
1780,2024-03-20,14,Mobile,Electronics,4,566,2264
1781,2024-09-06,1454,Dumbbells,Sports,3,1954,5862
1782,2024-02-28,526,Jeans,Clothing,2,369,738
1783,2024-02-17,421,Laptop,Electronics,5,1759,8795
1784,2024-04-12,451,Jacket,Clothing,3,663,1989
1785,2024-08-26,1440,Sofa,Home & Garden,1,1275,1275
1786,2024-10-06,4,Sofa,Home & Garden,4,1852,7408
1787,2024-10-28,668,Mobile,Electronics,5,1222,6110
1788,2024-03-08,687,Jacket,Clothing,1,1269,1269
1789,2024-12-26,767,Chair,Home & Garden,2,1026,2052
1790,2024-01-24,424,Sofa,Home & Garden,2,1112,2224
1791,2024-12-01,1380,Mixer,Home & Garden,5,794,3970
1792,2024-01-23,903,Headphones,Electronics,3,1937,5811
1793,2024-04-16,19,Chair,Home & Garden,3,811,2433
1794,2024-02-27,908,Mobile,Electronics,3,455,1365
1795,2024-10-31,633,Mobile,Electronics,4,881,3524
1796,2024-05-29,568,Football,Sports,2,852,1704
1797,2024-12-09,1172,T-Shirt,Clothing,1,974,974
1798,2024-07-13,226,Jacket,Clothing,4,766,3064
1799,2024-11-19,827,Smartwatch,Electronics,2,74,148
1800,2024-11-12,436,Sofa,Home & Garden,2,521,1042
1801,2024-07-27,279,Smartwatch,Electronics,1,1450,1450
1802,2024-09-30,605,Chair,Home & Garden,1,644,644
1803,2024-11-09,748,History Book,Books,2,800,1600
1804,2024-04-12,1410,Tablet,Electronics,5,1652,8260
1805,2024-02-10,1395,Jacket,Clothing,2,1403,2806
1806,2024-09-05,383,Mixer,Home & Garden,3,314,942
1807,2024-12-22,204,Science Book,Books,1,1024,1024
1808,2024-09-15,952,Headphones,Electronics,4,1090,4360
1809,2024-10-25,219,T-Shirt,Clothing,3,1640,4920
1810,2024-09-13,1494,Biography,Books,2,1194,2388
1811,2024-06-17,1465,Chair,Home & Garden,1,602,602
1812,2024-12-30,899,Football,Sports,4,1319,5276
1813,2024-01-19,1227,Tablet,Electronics,1,1924,1924
1814,2024-02-16,791,Headphones,Electronics,3,1632,4896
1815,2024-10-24,607,Chair,Home & Garden,1,1568,1568
1816,2024-11-12,1075,Tennis Racket,Sports,5,404,2020
1817,2024-02-02,771,Comics,Books,4,1296,5184
1818,2024-08-12,904,Biography,Books,3,1343,4029
1819,2024-01-08,830,Headphones,Electronics,4,491,1964
1820,2024-10-04,297,Mixer,Home & Garden,3,600,1800
1821,2024-01-04,908,Comics,Books,2,1498,2996
1822,2024-09-01,27,Smartwatch,Electronics,3,1730,5190
1823,2024-06-12,716,Smartwatch,Electronics,4,1354,5416
1824,2024-02-12,1383,Headphones,Electronics,3,1508,4524
1825,2024-01-07,18,Football,Sports,3,914,2742
1826,2024-09-13,784,Biography,Books,2,522,1044
1827,2024-09-21,292,Chair,Home & Garden,4,248,992
1828,2024-10-09,205,Dress,Clothing,2,744,1488
1829,2024-04-24,931,T-Shirt,Clothing,2,1853,3706
1830,2024-08-12,240,Chair,Home & Garden,5,621,3105
1831,2024-05-13,1414,Sofa,Home & Garden,3,1846,5538
1832,2024-04-17,1263,Comics,Books,3,1061,3183
1833,2024-12-17,956,Fiction Book,Books,5,1673,8365
1834,2024-09-07,69,Tablet,Electronics,5,508,2540
1835,2024-04-25,1146,Science Book,Books,1,1279,1279
1836,2024-07-16,461,Jeans,Clothing,2,1341,2682
1837,2024-08-26,761,Science Book,Books,3,357,1071
1838,2024-01-15,770,Mobile,Electronics,1,761,761
1839,2024-06-15,218,Cricket Bat,Sports,5,20,100
1840,2024-01-31,571,Shoes,Clothing,1,1544,1544
1841,2024-06-30,936,Shoes,Clothing,1,351,351
1842,2024-12-03,447,Shoes,Clothing,2,1305,2610
1843,2024-08-30,560,Comics,Books,3,1676,5028
1844,2024-08-06,1,Yoga Mat,Sports,5,356,1780
1845,2024-12-27,1392,Comics,Books,2,1815,3630
1846,2024-10-08,1413,Biography,Books,2,1149,2298
1847,2024-05-18,1220,Jeans,Clothing,4,531,2124
1848,2024-08-12,160,Sofa,Home & Garden,5,923,4615
1849,2024-10-17,1170,Chair,Home & Garden,3,1279,3837
1850,2024-08-08,978,Shoes,Clothing,3,628,1884
1851,2024-02-13,307,Football,Sports,5,1640,8200
1852,2024-04-09,954,Cricket Bat,Sports,4,1950,7800
1853,2024-09-23,1087,Mobile,Electronics,1,351,351
1854,2024-07-03,144,Dumbbells,Sports,2,878,1756
1855,2024-02-14,1281,Jacket,Clothing,4,167,668
1856,2024-07-30,171,Shoes,Clothing,4,1658,6632
1857,2024-12-25,278,Tablet,Electronics,5,683,3415
1858,2024-09-24,608,Football,Sports,5,1014,5070
1859,2024-01-07,691,Jeans,Clothing,3,927,2781
1860,2024-09-21,648,Laptop,Electronics,4,1480,5920
1861,2024-02-28,438,Headphones,Electronics,2,1361,2722
1862,2024-05-06,201,Chair,Home & Garden,5,1404,7020
1863,2024-12-21,66,Jacket,Clothing,1,714,714
1864,2024-03-01,70,History Book,Books,2,649,1298
1865,2024-10-29,1182,Jacket,Clothing,1,652,652
1866,2024-01-29,547,Fiction Book,Books,5,144,720
1867,2024-10-13,730,Dumbbells,Sports,4,1493,5972
1868,2024-06-07,294,Jeans,Clothing,4,776,3104
1869,2024-02-25,1454,T-Shirt,Clothing,3,1542,4626
1870,2024-01-15,391,Biography,Books,4,525,2100
1871,2024-08-20,183,Football,Sports,1,1129,1129
1872,2024-02-26,811,Shoes,Clothing,3,1075,3225
1873,2024-02-27,831,Biography,Books,5,1842,9210
1874,2024-05-08,172,Tennis Racket,Sports,1,478,478
1875,2024-03-01,997,Headphones,Electronics,5,240,1200
1876,2024-03-08,412,Jacket,Clothing,3,195,585
1877,2024-05-26,1317,Laptop,Electronics,2,491,982
1878,2024-09-30,32,Laptop,Electronics,1,1913,1913
1879,2024-06-21,206,History Book,Books,1,1311,1311
1880,2024-09-21,704,Tennis Racket,Sports,2,691,1382
1881,2024-10-11,1321,Dress,Clothing,4,871,3484
1882,2024-07-12,862,Tablet,Electronics,4,1935,7740
1883,2024-01-27,96,Chair,Home & Garden,1,1089,1089
1884,2024-02-25,442,History Book,Books,1,1575,1575
1885,2024-07-03,1190,Biography,Books,4,646,2584
1886,2024-11-23,1282,Shoes,Clothing,5,546,2730
1887,2024-07-15,879,Laptop,Electronics,3,1337,4011
1888,2024-10-03,521,Mobile,Electronics,3,882,2646
1889,2024-03-25,963,Dumbbells,Sports,4,922,3688
1890,2024-09-19,607,Dress,Clothing,1,961,961
1891,2024-10-04,1177,Yoga Mat,Sports,4,1154,4616
1892,2024-12-20,1134,Mixer,Home & Garden,5,1305,6525
1893,2024-02-25,1368,Sofa,Home & Garden,2,1933,3866
1894,2024-12-16,687,Dress,Clothing,4,1311,5244
1895,2024-12-25,154,Yoga Mat,Sports,3,966,2898
1896,2024-04-02,516,Jeans,Clothing,3,288,864
1897,2024-01-22,1241,Dress,Clothing,4,817,3268
1898,2024-09-10,751,Comics,Books,4,1285,5140
1899,2024-07-22,359,History Book,Books,5,330,1650
1900,2024-02-29,213,Cookware,Home & Garden,4,1327,5308
1901,2024-08-06,1340,Dress,Clothing,5,1024,5120
1902,2024-05-15,25,Chair,Home & Garden,1,1020,1020
1903,2024-02-03,1220,Biography,Books,3,1217,3651
1904,2024-12-19,635,Science Book,Books,2,1060,2120
1905,2024-01-31,681,Sofa,Home & Garden,3,929,2787
1906,2024-09-03,462,Tablet,Electronics,5,1880,9400
1907,2024-03-24,1011,Football,Sports,4,1537,6148
1908,2024-09-08,385,History Book,Books,2,1840,3680
1909,2024-03-20,940,Comics,Books,5,973,4865
1910,2024-04-19,889,Science Book,Books,4,1539,6156
1911,2024-12-31,617,Yoga Mat,Sports,2,1995,3990
1912,2024-06-09,189,Comics,Books,4,917,3668
1913,2024-05-24,457,Mobile,Electronics,3,1457,4371
1914,2024-03-20,764,Mixer,Home & Garden,4,185,740
1915,2024-01-17,453,Lamp,Home & Garden,3,87,261
1916,2024-07-07,615,Jacket,Clothing,5,1146,5730
1917,2024-03-07,140,Laptop,Electronics,1,993,993
1918,2024-12-08,201,Science Book,Books,3,159,477
1919,2024-10-07,115,Science Book,Books,1,947,947
1920,2024-12-18,241,Sofa,Home & Garden,3,744,2232
1921,2024-05-31,674,Dress,Clothing,3,852,2556
1922,2024-05-23,788,Tennis Racket,Sports,2,1132,2264
1923,2024-05-30,1170,Mixer,Home & Garden,4,1155,4620
1924,2024-12-01,232,Sofa,Home & Garden,1,1031,1031
1925,2024-02-20,767,Cricket Bat,Sports,2,1180,2360
1926,2024-01-30,170,Jacket,Clothing,3,1157,3471
1927,2024-02-07,513,Jacket,Clothing,5,945,4725
1928,2024-08-22,423,History Book,Books,4,547,2188
1929,2024-07-18,1020,Mixer,Home & Garden,4,1051,4204
1930,2024-11-08,1279,Cookware,Home & Garden,2,547,1094
1931,2024-03-31,535,Headphones,Electronics,3,772,2316
1932,2024-09-16,207,Dumbbells,Sports,4,695,2780
1933,2024-08-11,1063,Science Book,Books,5,1598,7990
1934,2024-06-04,1252,Laptop,Electronics,3,1644,4932
1935,2024-06-02,151,Mobile,Electronics,2,727,1454
1936,2024-10-25,976,Headphones,Electronics,1,1695,1695
1937,2024-01-14,1480,Tablet,Electronics,1,1921,1921
1938,2024-07-07,591,Fiction Book,Books,2,702,1404
1939,2024-12-06,304,Biography,Books,3,1559,4677
1940,2024-04-22,1490,Cricket Bat,Sports,1,1375,1375
1941,2024-08-26,1330,Comics,Books,4,1304,5216
1942,2024-08-24,1309,History Book,Books,2,1530,3060
1943,2024-05-17,634,Chair,Home & Garden,3,1454,4362
1944,2024-10-11,699,Smartwatch,Electronics,1,188,188
1945,2024-09-11,943,Comics,Books,4,888,3552
1946,2024-02-23,681,Fiction Book,Books,5,681,3405
1947,2024-12-13,911,Chair,Home & Garden,3,577,1731
1948,2024-10-07,115,Yoga Mat,Sports,3,1305,3915
1949,2024-09-23,214,Tennis Racket,Sports,1,1557,1557
1950,2024-12-31,1479,Fiction Book,Books,2,850,1700
1951,2024-07-16,1383,Mixer,Home & Garden,5,1983,9915
1952,2024-09-30,421,Mixer,Home & Garden,1,1006,1006
1953,2024-10-02,802,Lamp,Home & Garden,5,724,3620
1954,2024-06-28,321,Shoes,Clothing,2,1850,3700
1955,2024-03-11,221,Biography,Books,5,1339,6695
1956,2024-12-21,1260,Smartwatch,Electronics,2,1716,3432
1957,2024-06-16,714,Smartwatch,Electronics,5,1609,8045
1958,2024-11-04,351,Jeans,Clothing,2,850,1700
1959,2024-04-11,324,Mixer,Home & Garden,2,26,52
1960,2024-07-02,259,Sofa,Home & Garden,4,566,2264
1961,2024-10-18,797,Biography,Books,4,920,3680
1962,2024-05-01,190,Headphones,Electronics,4,1006,4024
1963,2024-12-23,105,Tablet,Electronics,5,1366,6830
1964,2024-09-07,523,Cricket Bat,Sports,2,1417,2834
1965,2024-06-08,237,Jacket,Clothing,3,267,801
1966,2024-09-05,71,Science Book,Books,3,148,444
1967,2024-08-22,1466,Mixer,Home & Garden,1,78,78
1968,2024-09-18,71,Sofa,Home & Garden,3,1093,3279
1969,2024-03-15,1418,T-Shirt,Clothing,4,1347,5388
1970,2024-04-16,438,Fiction Book,Books,3,373,1119
1971,2024-12-09,1156,Mobile,Electronics,3,1501,4503
1972,2024-02-15,856,Jacket,Clothing,2,1856,3712
1973,2024-03-16,1118,Cricket Bat,Sports,5,574,2870
1974,2024-06-05,76,Comics,Books,4,348,1392
1975,2024-01-10,186,Headphones,Electronics,3,1379,4137
1976,2024-08-04,506,Cookware,Home & Garden,5,1078,5390
1977,2024-07-31,546,Cookware,Home & Garden,3,1128,3384
1978,2024-03-03,544,Football,Sports,4,462,1848
1979,2024-11-24,252,Dumbbells,Sports,2,1015,2030
1980,2024-07-27,395,Jeans,Clothing,2,964,1928
1981,2024-11-26,855,Yoga Mat,Sports,5,1116,5580
1982,2024-11-26,1452,Yoga Mat,Sports,1,1052,1052
1983,2024-02-18,922,Jacket,Clothing,2,69,138
1984,2024-04-21,15,Mobile,Electronics,2,42,84
1985,2024-01-30,1427,Tablet,Electronics,5,59,295
1986,2024-07-08,1369,Biography,Books,3,183,549
1987,2024-12-04,322,Fiction Book,Books,5,1266,6330
1988,2024-12-19,1156,Lamp,Home & Garden,2,820,1640
1989,2024-04-11,34,Tablet,Electronics,2,1487,2974
1990,2024-07-26,445,Tablet,Electronics,2,1584,3168
1991,2024-10-15,1275,Chair,Home & Garden,3,1974,5922
1992,2024-03-30,1264,Headphones,Electronics,3,39,117
1993,2024-11-25,979,Comics,Books,4,412,1648
1994,2024-03-21,1207,Dress,Clothing,5,615,3075
1995,2024-09-19,120,Lamp,Home & Garden,2,1964,3928
1996,2024-04-20,1128,Football,Sports,1,478,478
1997,2024-05-09,327,Laptop,Electronics,2,171,342
1998,2024-01-20,12,Laptop,Electronics,5,1583,7915
1999,2024-07-05,216,Chair,Home & Garden,5,811,4055
2000,2024-02-15,717,Laptop,Electronics,4,343,1372
2001,2024-01-19,1309,Comics,Books,2,1818,3636
2002,2024-10-30,109,Dumbbells,Sports,3,505,1515
2003,2024-04-08,1078,Shoes,Clothing,4,680,2720
2004,2024-12-23,1151,Shoes,Clothing,2,125,250
2005,2024-09-20,1238,Jeans,Clothing,4,956,3824
2006,2024-03-21,896,Science Book,Books,1,1911,1911
2007,2024-05-24,818,Jeans,Clothing,5,95,475
2008,2024-06-02,1357,Science Book,Books,4,613,2452
2009,2024-10-02,569,Yoga Mat,Sports,2,1327,2654
2010,2024-03-15,873,Football,Sports,2,1369,2738
2011,2024-05-14,1047,Smartwatch,Electronics,4,683,2732
2012,2024-04-25,38,Shoes,Clothing,2,681,1362
2013,2024-12-15,198,Cookware,Home & Garden,4,1982,7928
2014,2024-10-20,1097,Dress,Clothing,5,1684,8420
2015,2024-04-04,418,T-Shirt,Clothing,5,966,4830
2016,2024-07-04,180,T-Shirt,Clothing,2,754,1508
2017,2024-12-27,993,Yoga Mat,Sports,5,1641,8205
2018,2024-03-17,1104,Lamp,Home & Garden,4,1726,6904
2019,2024-01-05,264,Mixer,Home & Garden,4,1815,7260
2020,2024-04-15,247,Headphones,Electronics,2,421,842
2021,2024-04-19,1140,Cricket Bat,Sports,1,1872,1872
2022,2024-03-14,1443,Dress,Clothing,1,1412,1412
2023,2024-01-06,1036,Tablet,Electronics,3,1565,4695
2024,2024-04-08,887,T-Shirt,Clothing,4,1185,4740
2025,2024-08-30,82,Biography,Books,3,1203,3609
2026,2024-12-20,835,Smartwatch,Electronics,5,1490,7450
2027,2024-12-27,1192,T-Shirt,Clothing,5,922,4610
2028,2024-02-05,458,Dress,Clothing,5,1592,7960
2029,2024-07-22,606,Fiction Book,Books,2,1204,2408
2030,2024-06-25,775,Mobile,Electronics,1,454,454
2031,2024-02-02,1100,Comics,Books,2,1107,2214
2032,2024-02-24,22,Smartwatch,Electronics,4,1776,7104
2033,2024-12-28,918,Yoga Mat,Sports,1,1441,1441
2034,2024-09-12,318,Tablet,Electronics,1,245,245
2035,2024-05-20,938,Laptop,Electronics,3,1429,4287
2036,2024-07-14,420,Science Book,Books,2,1301,2602
2037,2024-04-23,1147,Mobile,Electronics,1,406,406
2038,2024-02-04,1496,Fiction Book,Books,5,114,570
2039,2024-03-24,1414,Mixer,Home & Garden,3,832,2496
2040,2024-10-07,1171,T-Shirt,Clothing,5,1859,9295
2041,2024-03-30,113,Shoes,Clothing,2,1259,2518
2042,2024-09-17,1204,Cricket Bat,Sports,2,411,822
2043,2024-06-23,6,Tennis Racket,Sports,5,327,1635
2044,2024-02-16,827,Jeans,Clothing,1,1722,1722
2045,2024-03-07,311,Mixer,Home & Garden,5,1668,8340
2046,2024-04-22,242,Headphones,Electronics,4,156,624
2047,2024-07-23,804,Shoes,Clothing,3,802,2406
2048,2024-03-13,674,Comics,Books,1,784,784
2049,2024-09-19,1019,Cookware,Home & Garden,2,1340,2680
2050,2024-09-21,1098,Tablet,Electronics,2,33,66
2051,2024-04-10,1443,Smartwatch,Electronics,3,235,705
2052,2024-12-04,312,Sofa,Home & Garden,2,814,1628
2053,2024-02-29,984,Mixer,Home & Garden,4,1302,5208
2054,2024-03-23,1219,Science Book,Books,3,213,639
2055,2024-07-22,733,Jeans,Clothing,3,912,2736
2056,2024-01-14,307,Headphones,Electronics,2,1676,3352
2057,2024-09-01,977,Dress,Clothing,2,1039,2078
2058,2024-08-18,126,Biography,Books,3,1792,5376
2059,2024-10-20,1407,Dumbbells,Sports,5,1088,5440
2060,2024-04-26,1064,Football,Sports,5,1538,7690
2061,2024-11-13,1473,Dress,Clothing,4,604,2416
2062,2024-12-30,782,Laptop,Electronics,2,837,1674
2063,2024-05-21,730,Football,Sports,5,1891,9455
2064,2024-08-23,360,Jeans,Clothing,3,458,1374
2065,2024-03-20,120,T-Shirt,Clothing,1,1423,1423
2066,2024-07-02,452,Jeans,Clothing,1,817,817
2067,2024-01-19,1123,Mobile,Electronics,4,607,2428
2068,2024-05-19,1285,Smartwatch,Electronics,2,1877,3754
2069,2024-01-26,235,Jacket,Clothing,1,1978,1978
2070,2024-05-22,730,Biography,Books,3,1394,4182
2071,2024-03-30,1479,Cookware,Home & Garden,3,360,1080
2072,2024-05-04,1095,Sofa,Home & Garden,3,1337,4011
2073,2024-07-28,7,Smartwatch,Electronics,5,1688,8440
2074,2024-04-08,584,Shoes,Clothing,3,153,459
2075,2024-02-20,1398,T-Shirt,Clothing,1,1319,1319
2076,2024-01-13,1404,Sofa,Home & Garden,1,445,445
2077,2024-05-13,38,Comics,Books,3,248,744
2078,2024-03-17,1091,Yoga Mat,Sports,2,160,320
2079,2024-01-29,973,Sofa,Home & Garden,3,542,1626
2080,2024-03-19,53,Shoes,Clothing,4,443,1772
2081,2024-01-15,363,Dress,Clothing,4,721,2884
2082,2024-05-10,455,History Book,Books,5,1035,5175
2083,2024-02-23,1270,Smartwatch,Electronics,4,1062,4248
2084,2024-07-15,1007,Football,Sports,5,560,2800
2085,2024-06-27,422,Mobile,Electronics,3,212,636
2086,2024-10-12,18,Tennis Racket,Sports,5,1490,7450
2087,2024-12-20,409,Chair,Home & Garden,2,257,514
2088,2024-06-05,708,Jeans,Clothing,1,1002,1002
2089,2024-11-22,13,Cookware,Home & Garden,2,775,1550
2090,2024-11-09,1152,History Book,Books,1,566,566
2091,2024-02-12,1477,Mobile,Electronics,3,705,2115
2092,2024-01-27,958,Tennis Racket,Sports,1,369,369
2093,2024-06-26,810,Fiction Book,Books,4,1295,5180
2094,2024-07-03,355,Chair,Home & Garden,2,428,856
2095,2024-03-27,1205,Tablet,Electronics,5,1968,9840
2096,2024-05-13,319,Tennis Racket,Sports,3,880,2640
2097,2024-08-10,332,Football,Sports,2,34,68
2098,2024-01-13,644,Cricket Bat,Sports,3,857,2571
2099,2024-05-04,1471,Mobile,Electronics,1,726,726
2100,2024-10-10,437,Laptop,Electronics,3,454,1362
2101,2024-01-15,482,Jacket,Clothing,2,1517,3034
2102,2024-12-07,214,Smartwatch,Electronics,4,1772,7088
2103,2024-04-08,1490,Shoes,Clothing,4,1230,4920
2104,2024-11-18,425,Sofa,Home & Garden,5,1486,7430
2105,2024-03-15,746,Fiction Book,Books,5,846,4230
2106,2024-04-25,1008,Headphones,Electronics,2,1467,2934
2107,2024-11-27,49,Science Book,Books,1,1990,1990
2108,2024-07-05,623,Comics,Books,1,1684,1684
2109,2024-07-04,32,Lamp,Home & Garden,2,1854,3708
2110,2024-03-29,1381,T-Shirt,Clothing,2,1354,2708
2111,2024-05-03,641,Biography,Books,5,1518,7590
2112,2024-05-18,91,Dumbbells,Sports,3,575,1725
2113,2024-09-09,835,Football,Sports,3,1611,4833
2114,2024-06-06,967,Mixer,Home & Garden,4,1331,5324
2115,2024-01-06,1338,Biography,Books,2,487,974
2116,2024-04-01,820,Dumbbells,Sports,4,1428,5712
2117,2024-04-18,144,Cookware,Home & Garden,3,1412,4236
2118,2024-01-16,412,Jeans,Clothing,2,1013,2026
2119,2024-09-05,98,Fiction Book,Books,3,1740,5220
2120,2024-03-04,386,T-Shirt,Clothing,4,1872,7488
2121,2024-04-04,872,Mobile,Electronics,4,1630,6520
2122,2024-01-22,978,Sofa,Home & Garden,3,115,345
2123,2024-10-26,1436,Jacket,Clothing,3,281,843
2124,2024-06-11,295,Sofa,Home & Garden,3,360,1080
2125,2024-06-20,183,History Book,Books,5,757,3785
2126,2024-04-24,550,Mixer,Home & Garden,4,1930,7720
2127,2024-12-10,732,Fiction Book,Books,5,379,1895
2128,2024-07-05,293,Science Book,Books,4,179,716
2129,2024-11-25,929,Dress,Clothing,2,534,1068
2130,2024-08-03,53,History Book,Books,3,551,1653
2131,2024-02-23,861,Science Book,Books,2,1684,3368
2132,2024-02-15,1310,Cookware,Home & Garden,4,490,1960
2133,2024-01-31,79,Tablet,Electronics,3,371,1113
2134,2024-09-12,130,Chair,Home & Garden,3,266,798
2135,2024-09-30,717,Jacket,Clothing,5,198,990
2136,2024-07-22,1269,Comics,Books,1,507,507
2137,2024-05-29,1002,Yoga Mat,Sports,4,1327,5308
2138,2024-09-16,552,Dress,Clothing,3,1559,4677
2139,2024-09-23,747,Football,Sports,5,607,3035
2140,2024-04-02,1225,Cookware,Home & Garden,3,803,2409
2141,2024-04-28,1394,Headphones,Electronics,3,285,855
2142,2024-03-31,1124,Chair,Home & Garden,3,696,2088
2143,2024-01-31,971,Mobile,Electronics,4,1935,7740
2144,2024-01-18,601,Jacket,Clothing,4,1660,6640
2145,2024-11-04,1215,Dress,Clothing,5,722,3610
2146,2024-11-15,764,Lamp,Home & Garden,4,1587,6348
2147,2024-04-03,412,Fiction Book,Books,4,74,296
2148,2024-07-29,1051,Jacket,Clothing,3,1396,4188
2149,2024-02-26,1169,Comics,Books,5,1800,9000
2150,2024-07-08,697,Yoga Mat,Sports,4,657,2628
2151,2024-03-16,1469,Science Book,Books,1,1450,1450
2152,2024-08-23,39,Mixer,Home & Garden,1,1013,1013
2153,2024-05-04,103,Jeans,Clothing,5,1106,5530
2154,2024-05-27,283,Dumbbells,Sports,2,136,272
2155,2024-11-02,1347,Cookware,Home & Garden,4,981,3924
2156,2024-08-22,1079,Science Book,Books,2,1259,2518
2157,2024-07-21,976,Dumbbells,Sports,5,17,85
2158,2024-10-05,684,Fiction Book,Books,4,1389,5556
2159,2024-07-03,1447,Jacket,Clothing,2,468,936
2160,2024-12-05,493,Shoes,Clothing,4,1667,6668
2161,2024-01-31,529,Sofa,Home & Garden,2,119,238
2162,2024-01-21,82,Cookware,Home & Garden,5,580,2900
2163,2024-04-26,1019,Jeans,Clothing,5,1999,9995
2164,2024-11-09,1228,Headphones,Electronics,5,519,2595
2165,2024-01-22,1021,Football,Sports,2,1719,3438
2166,2024-12-11,895,T-Shirt,Clothing,4,1795,7180
2167,2024-06-22,307,Football,Sports,3,767,2301
2168,2024-09-24,1073,History Book,Books,3,277,831
2169,2024-07-21,374,Football,Sports,2,1315,2630
2170,2024-10-04,612,Dress,Clothing,5,328,1640
2171,2024-05-17,1439,Football,Sports,2,115,230
2172,2024-11-03,1075,Jeans,Clothing,1,218,218
2173,2024-11-02,1032,Tablet,Electronics,3,25,75
2174,2024-10-21,1174,Laptop,Electronics,5,1545,7725
2175,2024-07-08,1017,Headphones,Electronics,1,1768,1768
2176,2024-06-16,976,Mobile,Electronics,2,1905,3810
2177,2024-07-24,829,Biography,Books,2,1410,2820
2178,2024-11-22,376,Mixer,Home & Garden,1,1558,1558
2179,2024-01-15,465,Cricket Bat,Sports,3,1926,5778
2180,2024-09-26,1124,Mixer,Home & Garden,3,1003,3009
2181,2024-11-13,585,Comics,Books,2,1915,3830
2182,2024-03-26,296,Mobile,Electronics,2,1587,3174
2183,2024-04-30,1200,Dumbbells,Sports,5,1392,6960
2184,2024-11-20,916,Shoes,Clothing,1,26,26
2185,2024-04-13,438,Jacket,Clothing,1,664,664
2186,2024-02-28,788,Shoes,Clothing,1,1837,1837
2187,2024-01-12,818,Fiction Book,Books,5,53,265
2188,2024-09-09,615,Dress,Clothing,4,462,1848
2189,2024-07-26,788,Shoes,Clothing,3,180,540
2190,2024-05-04,603,Smartwatch,Electronics,3,1958,5874
2191,2024-09-01,636,T-Shirt,Clothing,2,1563,3126
2192,2024-11-17,996,Mobile,Electronics,1,64,64
2193,2024-12-02,192,Jeans,Clothing,3,1212,3636
2194,2024-12-30,1266,Mobile,Electronics,3,204,612
2195,2024-11-16,743,Biography,Books,4,1984,7936
2196,2024-12-02,431,Mixer,Home & Garden,5,279,1395
2197,2024-11-02,1096,Jacket,Clothing,4,1235,4940
2198,2024-08-06,526,Dumbbells,Sports,1,876,876
2199,2024-09-22,119,Shoes,Clothing,5,1330,6650
2200,2024-10-06,1331,Biography,Books,1,611,611
2201,2024-07-20,738,Tennis Racket,Sports,3,1089,3267
2202,2024-03-10,1251,History Book,Books,5,1393,6965
2203,2024-11-13,1161,Dumbbells,Sports,1,933,933
2204,2024-08-18,1024,Jeans,Clothing,4,1432,5728
2205,2024-12-30,175,Mobile,Electronics,5,1854,9270
2206,2024-11-07,578,Jeans,Clothing,4,796,3184
2207,2024-09-03,160,Mobile,Electronics,4,606,2424
2208,2024-04-20,1221,Cookware,Home & Garden,3,255,765
2209,2024-04-06,1359,Cricket Bat,Sports,5,803,4015
2210,2024-07-16,761,Fiction Book,Books,4,349,1396
2211,2024-06-09,391,Lamp,Home & Garden,5,20,100
2212,2024-08-21,1419,Dumbbells,Sports,1,1891,1891
2213,2024-05-12,1287,Jeans,Clothing,3,1269,3807
2214,2024-12-26,633,History Book,Books,1,501,501
2215,2024-05-20,1286,Cookware,Home & Garden,2,1186,2372
2216,2024-07-05,530,Fiction Book,Books,4,798,3192
2217,2024-10-27,505,Biography,Books,5,1056,5280
2218,2024-05-25,870,Jacket,Clothing,1,503,503
2219,2024-01-30,78,Jeans,Clothing,2,1052,2104
2220,2024-08-28,1265,Mixer,Home & Garden,2,290,580
2221,2024-07-08,1062,Headphones,Electronics,3,1258,3774
2222,2024-07-20,1083,Cricket Bat,Sports,5,1846,9230
2223,2024-06-17,875,Science Book,Books,2,1222,2444
2224,2024-06-26,1209,Tablet,Electronics,3,470,1410
2225,2024-06-04,471,Laptop,Electronics,3,157,471
2226,2024-11-21,716,Comics,Books,5,686,3430
2227,2024-03-18,1214,Yoga Mat,Sports,5,1160,5800
2228,2024-01-10,191,Dumbbells,Sports,3,728,2184
2229,2024-04-28,1472,Dumbbells,Sports,5,1919,9595
2230,2024-07-21,399,Smartwatch,Electronics,2,600,1200
2231,2024-05-01,494,Cricket Bat,Sports,4,682,2728
2232,2024-12-13,1437,Jeans,Clothing,1,1985,1985
2233,2024-05-18,1218,Mobile,Electronics,4,1932,7728
2234,2024-09-25,1498,Jeans,Clothing,1,1364,1364
2235,2024-07-27,790,Sofa,Home & Garden,1,1338,1338
2236,2024-09-09,432,Dumbbells,Sports,4,1651,6604
2237,2024-03-06,938,Fiction Book,Books,3,456,1368
2238,2024-06-20,1493,Cricket Bat,Sports,4,1995,7980
2239,2024-02-06,1018,Smartwatch,Electronics,4,49,196
2240,2024-07-06,1207,Smartwatch,Electronics,3,1633,4899
2241,2024-05-04,436,Tennis Racket,Sports,3,547,1641
2242,2024-02-08,911,Chair,Home & Garden,4,1308,5232
2243,2024-12-15,692,Mixer,Home & Garden,2,1488,2976
2244,2024-05-15,938,Tablet,Electronics,2,935,1870
2245,2024-03-11,475,Cricket Bat,Sports,2,1316,2632
2246,2024-07-17,1090,History Book,Books,2,305,610
2247,2024-08-27,239,Comics,Books,1,1877,1877
2248,2024-06-13,219,Laptop,Electronics,2,1487,2974
2249,2024-06-04,73,Dress,Clothing,5,1739,8695
2250,2024-09-27,383,Mobile,Electronics,3,608,1824
2251,2024-06-14,573,Chair,Home & Garden,3,1224,3672
2252,2024-05-08,1205,Tennis Racket,Sports,4,1501,6004
2253,2024-06-03,315,Chair,Home & Garden,4,1674,6696
2254,2024-01-13,90,Yoga Mat,Sports,3,1951,5853
2255,2024-08-03,95,Laptop,Electronics,1,733,733
2256,2024-04-01,672,Lamp,Home & Garden,4,930,3720
2257,2024-05-29,67,Fiction Book,Books,3,809,2427
2258,2024-12-05,11,Science Book,Books,3,285,855
2259,2024-06-01,265,Jacket,Clothing,3,786,2358
2260,2024-10-20,146,Biography,Books,5,1799,8995
2261,2024-05-31,504,Headphones,Electronics,5,1319,6595
2262,2024-02-11,206,Lamp,Home & Garden,1,733,733
2263,2024-08-26,940,Football,Sports,2,702,1404
2264,2024-07-13,1246,Science Book,Books,5,1517,7585
2265,2024-03-08,1266,Comics,Books,4,1355,5420
2266,2024-07-29,557,Yoga Mat,Sports,2,1326,2652
2267,2024-09-08,346,Shoes,Clothing,2,1936,3872
2268,2024-05-02,1313,Jacket,Clothing,1,619,619
2269,2024-12-30,1290,Yoga Mat,Sports,3,1713,5139
2270,2024-03-17,1186,Science Book,Books,2,368,736
2271,2024-06-09,609,Laptop,Electronics,3,1840,5520
2272,2024-07-17,683,Sofa,Home & Garden,3,490,1470
2273,2024-12-20,696,Cookware,Home & Garden,1,465,465
2274,2024-04-16,314,Mixer,Home & Garden,1,553,553
2275,2024-04-06,1478,Mobile,Electronics,2,1752,3504
2276,2024-06-09,436,Tennis Racket,Sports,3,349,1047
2277,2024-07-18,1406,Sofa,Home & Garden,3,1893,5679
2278,2024-02-19,1005,Chair,Home & Garden,3,979,2937
2279,2024-09-02,1285,Mixer,Home & Garden,5,694,3470
2280,2024-05-18,293,Lamp,Home & Garden,1,553,553
2281,2024-09-10,567,Dumbbells,Sports,5,673,3365
2282,2024-06-21,476,Lamp,Home & Garden,4,377,1508
2283,2024-08-12,1044,Jeans,Clothing,1,1058,1058
2284,2024-02-21,970,Yoga Mat,Sports,3,524,1572
2285,2024-10-02,985,Headphones,Electronics,5,1810,9050
2286,2024-02-17,434,Comics,Books,1,1184,1184
2287,2024-02-12,864,Headphones,Electronics,2,1233,2466
2288,2024-07-25,434,Yoga Mat,Sports,5,728,3640
2289,2024-12-08,1068,T-Shirt,Clothing,1,729,729
2290,2024-05-07,303,Dress,Clothing,4,1648,6592
2291,2024-05-14,1441,Lamp,Home & Garden,1,1248,1248
2292,2024-03-30,1060,Dumbbells,Sports,3,850,2550
2293,2024-01-13,290,Smartwatch,Electronics,3,563,1689
2294,2024-11-14,196,Tablet,Electronics,4,1810,7240
2295,2024-08-09,359,Smartwatch,Electronics,2,565,1130
2296,2024-02-23,1281,Jeans,Clothing,4,1491,5964
2297,2024-01-29,829,Mobile,Electronics,4,1159,4636
2298,2024-06-08,105,Cookware,Home & Garden,5,471,2355
2299,2024-05-10,989,Chair,Home & Garden,3,1460,4380
2300,2024-09-28,619,Smartwatch,Electronics,3,951,2853
2301,2024-07-09,1323,Dumbbells,Sports,5,1130,5650
2302,2024-06-09,1295,Football,Sports,2,740,1480
2303,2024-02-04,1123,History Book,Books,2,257,514
2304,2024-09-01,1136,Dress,Clothing,1,1104,1104
2305,2024-12-29,241,History Book,Books,3,992,2976
2306,2024-08-13,581,Mixer,Home & Garden,2,285,570
2307,2024-05-18,476,Shoes,Clothing,3,1639,4917
2308,2024-11-18,824,Mobile,Electronics,4,1418,5672
2309,2024-08-28,1445,Headphones,Electronics,1,136,136
2310,2024-07-18,559,History Book,Books,1,1396,1396
2311,2024-06-11,1076,Biography,Books,5,966,4830
2312,2024-09-23,1459,Fiction Book,Books,3,1121,3363
2313,2024-11-23,1416,Headphones,Electronics,5,113,565
2314,2024-05-31,1027,Lamp,Home & Garden,4,803,3212
2315,2024-08-23,505,T-Shirt,Clothing,2,1340,2680
2316,2024-09-09,19,Lamp,Home & Garden,2,759,1518
2317,2024-07-02,523,Comics,Books,5,1802,9010
2318,2024-08-02,1013,Football,Sports,2,1911,3822
2319,2024-02-24,1254,Yoga Mat,Sports,5,869,4345
2320,2024-09-28,361,Lamp,Home & Garden,2,651,1302
2321,2024-03-04,172,Smartwatch,Electronics,2,1507,3014
2322,2024-04-01,1434,Chair,Home & Garden,4,1071,4284
2323,2024-02-29,141,Biography,Books,4,1114,4456
2324,2024-08-16,24,T-Shirt,Clothing,3,157,471
2325,2024-02-21,748,Headphones,Electronics,1,1923,1923
2326,2024-07-24,1007,Science Book,Books,1,730,730
2327,2024-09-01,1080,Fiction Book,Books,2,381,762
2328,2024-11-03,621,Sofa,Home & Garden,2,204,408
2329,2024-08-07,36,Comics,Books,3,349,1047
2330,2024-08-26,379,Headphones,Electronics,2,193,386
2331,2024-01-02,105,Mixer,Home & Garden,1,1743,1743
2332,2024-12-30,502,Shoes,Clothing,3,1119,3357
2333,2024-06-07,488,Dress,Clothing,4,204,816
2334,2024-07-16,1190,Yoga Mat,Sports,3,1175,3525
2335,2024-12-13,1409,Cricket Bat,Sports,4,200,800
2336,2024-06-25,1042,Comics,Books,3,1489,4467
2337,2024-11-20,423,Tablet,Electronics,2,1010,2020
2338,2024-07-14,1329,Lamp,Home & Garden,4,24,96
2339,2024-08-29,399,Fiction Book,Books,4,1057,4228
2340,2024-07-18,1360,Biography,Books,5,480,2400
2341,2024-09-01,1013,Laptop,Electronics,2,602,1204
2342,2024-05-22,405,Yoga Mat,Sports,1,1057,1057
2343,2024-02-06,766,Headphones,Electronics,1,447,447
2344,2024-12-11,922,Cricket Bat,Sports,1,634,634
2345,2024-03-29,249,Cookware,Home & Garden,1,1054,1054
2346,2024-07-03,1194,Biography,Books,4,311,1244
2347,2024-10-03,974,Yoga Mat,Sports,5,534,2670
2348,2024-05-10,1394,Mobile,Electronics,4,287,1148
2349,2024-04-03,702,Tennis Racket,Sports,5,1585,7925
2350,2024-05-20,1082,History Book,Books,1,1914,1914
2351,2024-01-21,1419,Tennis Racket,Sports,1,323,323
2352,2024-01-01,1216,Lamp,Home & Garden,4,600,2400
2353,2024-02-17,1486,Laptop,Electronics,3,318,954
2354,2024-01-28,734,Shoes,Clothing,1,1893,1893
2355,2024-07-25,424,Fiction Book,Books,3,567,1701
2356,2024-04-28,613,Jeans,Clothing,2,1805,3610
2357,2024-05-30,377,Biography,Books,4,1851,7404
2358,2024-12-11,1237,Mobile,Electronics,5,184,920
2359,2024-12-28,580,Laptop,Electronics,4,1895,7580
2360,2024-09-02,1481,Tennis Racket,Sports,1,319,319
2361,2024-09-06,1043,Headphones,Electronics,3,1414,4242
2362,2024-08-22,845,Dress,Clothing,1,749,749
2363,2024-09-01,1251,Tablet,Electronics,3,32,96
2364,2024-03-24,281,History Book,Books,1,1037,1037
2365,2024-03-31,50,Sofa,Home & Garden,2,300,600
2366,2024-08-01,921,Smartwatch,Electronics,4,1048,4192
2367,2024-10-13,1166,Shoes,Clothing,2,1486,2972
2368,2024-03-10,528,Yoga Mat,Sports,5,1505,7525
2369,2024-01-19,480,Fiction Book,Books,1,1054,1054
2370,2024-11-24,923,Jeans,Clothing,1,103,103
2371,2024-06-13,656,Tennis Racket,Sports,5,164,820
2372,2024-09-13,956,Football,Sports,5,584,2920
2373,2024-11-04,1341,Fiction Book,Books,4,1492,5968
2374,2024-03-05,781,Jacket,Clothing,1,1242,1242
2375,2024-07-16,1485,Lamp,Home & Garden,2,18,36
2376,2024-07-25,1117,Science Book,Books,4,913,3652
2377,2024-08-30,723,Fiction Book,Books,1,234,234
2378,2024-11-26,57,Science Book,Books,4,543,2172
2379,2024-05-09,1382,Smartwatch,Electronics,2,998,1996
2380,2024-02-13,1400,Shoes,Clothing,3,556,1668
2381,2024-05-27,474,Jeans,Clothing,5,1227,6135
2382,2024-08-25,40,Cookware,Home & Garden,4,1490,5960
2383,2024-10-04,1484,Mobile,Electronics,2,306,612
2384,2024-05-30,140,Tennis Racket,Sports,4,404,1616
2385,2024-02-05,1490,Jeans,Clothing,3,1598,4794
2386,2024-08-05,65,Science Book,Books,3,1804,5412
2387,2024-06-25,1127,Football,Sports,2,45,90
2388,2024-10-29,140,Fiction Book,Books,3,494,1482
2389,2024-03-09,160,Football,Sports,4,1841,7364
2390,2024-02-03,1368,Mixer,Home & Garden,5,1562,7810
2391,2024-10-10,1181,Jacket,Clothing,3,809,2427
2392,2024-09-15,144,Shoes,Clothing,3,337,1011
2393,2024-07-20,592,Jeans,Clothing,4,55,220
2394,2024-02-23,535,T-Shirt,Clothing,5,831,4155
2395,2024-03-14,293,Tablet,Electronics,2,1420,2840
2396,2024-08-03,1477,History Book,Books,5,136,680
2397,2024-09-12,212,Cricket Bat,Sports,4,636,2544
2398,2024-10-24,1361,Sofa,Home & Garden,1,928,928
2399,2024-05-05,772,Comics,Books,4,919,3676
2400,2024-04-28,693,Fiction Book,Books,5,71,355
2401,2024-03-21,811,Shoes,Clothing,4,922,3688
2402,2024-05-14,447,Jeans,Clothing,1,339,339
2403,2024-06-11,1367,Tennis Racket,Sports,4,1146,4584
2404,2024-10-08,1385,History Book,Books,3,720,2160
2405,2024-09-02,1153,Chair,Home & Garden,3,1492,4476
2406,2024-10-26,1163,Laptop,Electronics,5,368,1840
2407,2024-09-28,122,Dumbbells,Sports,5,249,1245
2408,2024-10-10,990,Cookware,Home & Garden,4,246,984
2409,2024-11-10,196,Tennis Racket,Sports,5,1334,6670
2410,2024-07-20,181,Lamp,Home & Garden,4,488,1952
2411,2024-02-23,1088,Sofa,Home & Garden,1,630,630
2412,2024-04-02,65,Sofa,Home & Garden,4,835,3340
2413,2024-10-08,137,Jacket,Clothing,2,935,1870
2414,2024-02-15,769,Dress,Clothing,5,1691,8455
2415,2024-01-07,461,Tennis Racket,Sports,3,1765,5295
2416,2024-12-04,1496,Lamp,Home & Garden,5,160,800
2417,2024-09-09,102,History Book,Books,5,945,4725
2418,2024-09-24,311,Smartwatch,Electronics,5,1187,5935
2419,2024-12-01,1386,Mixer,Home & Garden,1,540,540
2420,2024-12-12,1104,Cookware,Home & Garden,3,735,2205
2421,2024-12-20,1467,T-Shirt,Clothing,3,1595,4785
2422,2024-09-22,714,Shoes,Clothing,1,1362,1362
2423,2024-09-27,1170,Cookware,Home & Garden,2,1626,3252
2424,2024-08-19,342,Tennis Racket,Sports,5,928,4640
2425,2024-12-13,1367,Cricket Bat,Sports,5,830,4150
2426,2024-03-02,1407,Laptop,Electronics,1,582,582
2427,2024-10-11,1496,Shoes,Clothing,3,1278,3834
2428,2024-08-16,1124,Comics,Books,1,737,737
2429,2024-09-16,491,Comics,Books,1,880,880
2430,2024-07-16,174,Shoes,Clothing,4,1028,4112
2431,2024-11-01,131,Jacket,Clothing,5,938,4690
2432,2024-10-05,258,Comics,Books,4,793,3172
2433,2024-09-20,859,Mixer,Home & Garden,3,1945,5835
2434,2024-07-03,1298,Jeans,Clothing,3,101,303
2435,2024-04-06,595,Shoes,Clothing,4,949,3796
2436,2024-07-13,417,Mixer,Home & Garden,4,1515,6060
2437,2024-11-23,357,Smartwatch,Electronics,2,1114,2228
2438,2024-04-27,1229,Jeans,Clothing,1,1356,1356
2439,2024-11-18,505,Jacket,Clothing,3,1916,5748
2440,2024-09-06,540,T-Shirt,Clothing,5,1614,8070
2441,2024-06-29,1119,Headphones,Electronics,4,1238,4952
2442,2024-01-05,18,Yoga Mat,Sports,3,1852,5556
2443,2024-05-15,480,Headphones,Electronics,3,554,1662
2444,2024-12-23,592,Shoes,Clothing,4,155,620
2445,2024-02-13,633,Mobile,Electronics,5,1654,8270
2446,2024-04-10,490,Smartwatch,Electronics,2,772,1544
2447,2024-02-15,257,Shoes,Clothing,5,237,1185
2448,2024-09-20,1221,Cricket Bat,Sports,1,1274,1274
2449,2024-10-09,519,Jeans,Clothing,4,409,1636
2450,2024-04-30,59,History Book,Books,4,1568,6272
2451,2024-01-18,1161,Mobile,Electronics,1,619,619
2452,2024-02-06,111,Sofa,Home & Garden,4,265,1060
2453,2024-01-11,1084,Dress,Clothing,4,1790,7160
2454,2024-07-27,1311,Lamp,Home & Garden,3,916,2748
2455,2024-02-11,1176,Football,Sports,5,1566,7830
2456,2024-11-29,912,Laptop,Electronics,4,386,1544
2457,2024-11-24,1488,Headphones,Electronics,3,873,2619
2458,2024-10-23,1421,Lamp,Home & Garden,2,1677,3354
2459,2024-05-30,1393,Comics,Books,2,816,1632
2460,2024-02-27,1192,Headphones,Electronics,1,1635,1635
2461,2024-09-21,671,Tablet,Electronics,3,491,1473
2462,2024-03-25,449,Biography,Books,1,1380,1380
2463,2024-10-21,103,Smartwatch,Electronics,2,513,1026
2464,2024-11-24,818,Sofa,Home & Garden,2,1433,2866
2465,2024-01-11,307,Jacket,Clothing,5,1549,7745
2466,2024-04-17,536,Science Book,Books,3,476,1428
2467,2024-03-26,900,Cookware,Home & Garden,5,674,3370
2468,2024-10-08,749,T-Shirt,Clothing,4,446,1784
2469,2024-08-01,1446,Cookware,Home & Garden,2,1300,2600
2470,2024-02-05,1336,Shoes,Clothing,5,150,750
2471,2024-11-24,1084,Tennis Racket,Sports,1,822,822
2472,2024-11-15,847,Headphones,Electronics,4,1923,7692
2473,2024-02-06,132,Tablet,Electronics,5,850,4250
2474,2024-02-06,964,Mixer,Home & Garden,4,1142,4568
2475,2024-12-26,763,Football,Sports,4,783,3132
2476,2024-10-11,737,Comics,Books,1,32,32
2477,2024-03-12,177,Dress,Clothing,4,1015,4060
2478,2024-07-10,110,Laptop,Electronics,3,453,1359
2479,2024-12-07,679,Yoga Mat,Sports,1,1359,1359
2480,2024-06-14,1458,Science Book,Books,3,29,87
2481,2024-09-19,803,Biography,Books,2,379,758
2482,2024-09-07,226,Yoga Mat,Sports,4,642,2568
2483,2024-03-08,232,Sofa,Home & Garden,2,1238,2476
2484,2024-02-14,1285,Smartwatch,Electronics,2,1166,2332
2485,2024-08-24,913,Jacket,Clothing,3,1474,4422
2486,2024-08-17,842,Mixer,Home & Garden,3,1455,4365
2487,2024-06-14,981,Jeans,Clothing,4,1633,6532
2488,2024-04-19,1256,Biography,Books,2,1479,2958
2489,2024-11-25,1447,History Book,Books,2,1550,3100
2490,2024-02-08,1436,Headphones,Electronics,2,672,1344
2491,2024-07-05,368,Chair,Home & Garden,3,964,2892
2492,2024-10-27,891,Sofa,Home & Garden,2,990,1980
2493,2024-04-10,652,Cricket Bat,Sports,1,1054,1054
2494,2024-03-20,880,Tennis Racket,Sports,1,754,754
2495,2024-06-16,850,Jeans,Clothing,1,1484,1484
2496,2024-10-06,1359,Dumbbells,Sports,4,195,780
2497,2024-04-19,1086,Tablet,Electronics,3,575,1725
2498,2024-07-21,6,Headphones,Electronics,1,91,91
2499,2024-06-01,1011,Shoes,Clothing,3,1656,4968
2500,2024-09-26,1301,History Book,Books,2,274,548
2501,2024-07-24,111,Tablet,Electronics,4,1061,4244
2502,2024-06-22,264,Cookware,Home & Garden,5,484,2420
2503,2024-01-02,1190,Science Book,Books,4,114,456
2504,2024-07-11,1183,History Book,Books,5,557,2785
2505,2024-11-18,925,History Book,Books,4,315,1260
2506,2024-06-11,290,Smartwatch,Electronics,5,646,3230
2507,2024-11-06,141,Jacket,Clothing,4,857,3428
2508,2024-09-25,867,Mobile,Electronics,5,581,2905
2509,2024-08-31,1334,Jeans,Clothing,5,348,1740
2510,2024-12-07,1042,T-Shirt,Clothing,4,288,1152
2511,2024-11-21,617,Yoga Mat,Sports,2,969,1938
2512,2024-04-26,1342,Mixer,Home & Garden,5,1876,9380
2513,2024-05-19,94,Football,Sports,1,1516,1516
2514,2024-02-08,404,Tablet,Electronics,4,1300,5200
2515,2024-12-21,496,Tennis Racket,Sports,1,1750,1750
2516,2024-08-12,863,Yoga Mat,Sports,3,341,1023
2517,2024-12-22,1028,Biography,Books,4,546,2184
2518,2024-02-19,1259,Cookware,Home & Garden,2,1185,2370
2519,2024-09-03,1183,Chair,Home & Garden,2,244,488
2520,2024-09-21,552,History Book,Books,3,1303,3909
2521,2024-02-02,123,T-Shirt,Clothing,5,1987,9935
2522,2024-01-20,807,History Book,Books,5,1779,8895
2523,2024-11-08,1130,Shoes,Clothing,1,1864,1864
2524,2024-12-23,1119,Chair,Home & Garden,1,1057,1057
2525,2024-11-14,339,Dumbbells,Sports,2,157,314
2526,2024-10-25,1460,Lamp,Home & Garden,1,1072,1072
2527,2024-04-21,122,History Book,Books,5,171,855
2528,2024-01-07,1316,Cricket Bat,Sports,4,1851,7404
2529,2024-09-05,858,Sofa,Home & Garden,4,1948,7792
2530,2024-03-05,200,Dumbbells,Sports,3,1953,5859
2531,2024-08-23,13,Dress,Clothing,2,1146,2292
2532,2024-09-30,528,Fiction Book,Books,1,86,86
2533,2024-05-15,229,Fiction Book,Books,2,1388,2776
2534,2024-04-13,160,Biography,Books,1,1704,1704
2535,2024-05-03,642,Shoes,Clothing,2,1690,3380
2536,2024-08-05,914,Tennis Racket,Sports,2,106,212
2537,2024-02-09,403,Headphones,Electronics,1,69,69
2538,2024-09-02,884,History Book,Books,4,727,2908
2539,2024-07-30,97,Dress,Clothing,2,1516,3032
2540,2024-03-21,1293,Mixer,Home & Garden,4,529,2116
2541,2024-02-25,947,Laptop,Electronics,4,680,2720
2542,2024-12-10,1316,Yoga Mat,Sports,2,1454,2908
2543,2024-10-31,569,Yoga Mat,Sports,1,1322,1322
2544,2024-10-30,1407,Fiction Book,Books,4,1689,6756
2545,2024-10-10,574,History Book,Books,4,1556,6224
2546,2024-08-24,907,Cricket Bat,Sports,3,1089,3267
2547,2024-06-15,684,Laptop,Electronics,2,1690,3380
2548,2024-10-25,255,Dress,Clothing,5,839,4195
2549,2024-11-04,100,Fiction Book,Books,3,459,1377
2550,2024-09-01,671,Yoga Mat,Sports,1,1621,1621
2551,2024-12-19,269,Lamp,Home & Garden,5,950,4750
2552,2024-11-03,629,Shoes,Clothing,5,1173,5865
2553,2024-02-11,638,Chair,Home & Garden,5,681,3405
2554,2024-08-03,1396,History Book,Books,3,1832,5496
2555,2024-12-02,1275,Mobile,Electronics,2,1478,2956
2556,2024-01-25,453,Cookware,Home & Garden,3,985,2955
2557,2024-02-02,633,Mobile,Electronics,2,1073,2146
2558,2024-08-04,738,Tennis Racket,Sports,1,1381,1381
2559,2024-10-27,101,Science Book,Books,5,1270,6350
2560,2024-02-27,1255,Comics,Books,1,1224,1224
2561,2024-08-22,978,Comics,Books,2,851,1702
2562,2024-05-10,284,Jeans,Clothing,1,1082,1082
2563,2024-11-30,1408,Lamp,Home & Garden,1,1357,1357
2564,2024-12-02,47,Dress,Clothing,4,1312,5248
2565,2024-07-01,411,Headphones,Electronics,2,1686,3372
2566,2024-06-30,846,Football,Sports,3,1108,3324
2567,2024-09-18,676,Shoes,Clothing,4,1590,6360
2568,2024-03-02,1457,Shoes,Clothing,3,1319,3957
2569,2024-08-20,756,Cricket Bat,Sports,1,130,130
2570,2024-03-01,1241,Dumbbells,Sports,3,1567,4701
2571,2024-01-01,680,Shoes,Clothing,1,1812,1812
2572,2024-03-07,1378,Science Book,Books,3,437,1311
2573,2024-01-22,840,Chair,Home & Garden,3,924,2772
2574,2024-02-24,164,Cricket Bat,Sports,4,341,1364
2575,2024-06-24,86,Shoes,Clothing,2,1848,3696
2576,2024-05-08,1088,Lamp,Home & Garden,4,1792,7168
2577,2024-01-30,1432,Laptop,Electronics,5,1103,5515
2578,2024-05-13,1106,Dress,Clothing,2,356,712
2579,2024-12-27,351,Cookware,Home & Garden,3,862,2586
2580,2024-10-05,969,Laptop,Electronics,3,645,1935
2581,2024-01-08,167,Lamp,Home & Garden,1,766,766
2582,2024-09-17,1405,T-Shirt,Clothing,4,1205,4820
2583,2024-03-31,1243,Smartwatch,Electronics,4,1035,4140
2584,2024-03-24,442,Jacket,Clothing,3,643,1929
2585,2024-10-10,260,T-Shirt,Clothing,1,310,310
2586,2024-08-01,514,Lamp,Home & Garden,1,573,573
2587,2024-11-06,1012,T-Shirt,Clothing,2,1189,2378
2588,2024-04-13,1429,Mobile,Electronics,5,525,2625
2589,2024-02-23,147,T-Shirt,Clothing,1,1887,1887
2590,2024-09-01,1200,Mobile,Electronics,3,68,204
2591,2024-03-14,1305,Chair,Home & Garden,4,1876,7504
2592,2024-09-02,977,Mixer,Home & Garden,5,903,4515
2593,2024-03-01,418,Laptop,Electronics,1,121,121
2594,2024-05-30,1196,Tablet,Electronics,4,1800,7200
2595,2024-02-25,370,Jeans,Clothing,4,893,3572
2596,2024-01-04,406,T-Shirt,Clothing,4,1633,6532
2597,2024-08-07,277,Cookware,Home & Garden,5,1529,7645
2598,2024-12-04,1205,Tennis Racket,Sports,3,1739,5217
2599,2024-08-12,470,T-Shirt,Clothing,5,1759,8795
2600,2024-04-28,594,Shoes,Clothing,1,1597,1597
2601,2024-10-31,676,Tablet,Electronics,5,1386,6930
2602,2024-09-09,620,Football,Sports,3,954,2862
2603,2024-05-04,649,Football,Sports,3,1121,3363
2604,2024-11-24,1244,History Book,Books,4,1541,6164
2605,2024-03-04,1439,Dress,Clothing,2,1068,2136
2606,2024-06-13,16,Chair,Home & Garden,5,1791,8955
2607,2024-07-06,657,Mobile,Electronics,2,933,1866
2608,2024-04-24,716,Shoes,Clothing,1,474,474
2609,2024-05-14,616,Lamp,Home & Garden,5,997,4985
2610,2024-10-08,213,Tennis Racket,Sports,3,1203,3609
2611,2024-09-08,30,Biography,Books,1,1663,1663
2612,2024-05-16,325,Lamp,Home & Garden,5,92,460
2613,2024-07-23,1070,Shoes,Clothing,2,103,206
2614,2024-10-19,1451,Shoes,Clothing,1,251,251
2615,2024-01-09,808,Jacket,Clothing,3,1118,3354
2616,2024-10-23,749,Yoga Mat,Sports,2,1802,3604
2617,2024-07-31,193,Yoga Mat,Sports,1,1945,1945
2618,2024-06-01,1065,Mobile,Electronics,5,1559,7795
2619,2024-08-09,1047,Tablet,Electronics,3,1092,3276
2620,2024-06-18,1127,Yoga Mat,Sports,4,1660,6640
2621,2024-08-18,222,Mobile,Electronics,1,1896,1896
2622,2024-08-09,40,Yoga Mat,Sports,2,1306,2612
2623,2024-04-04,349,Dumbbells,Sports,1,1866,1866
2624,2024-07-31,924,Jacket,Clothing,5,1072,5360
2625,2024-04-25,1030,Mixer,Home & Garden,2,514,1028
2626,2024-08-21,324,Science Book,Books,3,1276,3828
2627,2024-03-26,1018,Cricket Bat,Sports,2,490,980
2628,2024-05-05,1034,Tennis Racket,Sports,5,1091,5455
2629,2024-08-22,524,Dress,Clothing,5,699,3495
2630,2024-02-21,767,Dumbbells,Sports,3,847,2541
2631,2024-01-25,1280,Sofa,Home & Garden,1,377,377
2632,2024-04-12,239,Science Book,Books,3,1199,3597
2633,2024-05-23,921,Jacket,Clothing,5,1012,5060
2634,2024-11-16,1033,T-Shirt,Clothing,2,1342,2684
2635,2024-05-15,901,Tennis Racket,Sports,3,569,1707
2636,2024-12-02,574,Biography,Books,5,1524,7620
2637,2024-11-23,1040,Cricket Bat,Sports,5,1255,6275
2638,2024-05-22,1184,Jacket,Clothing,3,1023,3069
2639,2024-03-22,312,Tennis Racket,Sports,4,239,956
2640,2024-07-25,84,Mobile,Electronics,5,1728,8640
2641,2024-12-11,984,Lamp,Home & Garden,3,301,903
2642,2024-10-09,657,Lamp,Home & Garden,4,1948,7792
2643,2024-12-13,141,Jacket,Clothing,5,1840,9200
2644,2024-08-23,1409,Dress,Clothing,5,727,3635
2645,2024-07-27,777,Yoga Mat,Sports,5,1838,9190
2646,2024-06-10,62,Tennis Racket,Sports,3,1164,3492
2647,2024-12-03,232,Dress,Clothing,2,1846,3692
2648,2024-09-11,1310,History Book,Books,1,157,157
2649,2024-08-12,1146,T-Shirt,Clothing,3,426,1278
2650,2024-10-22,1245,Fiction Book,Books,4,1151,4604
2651,2024-08-10,148,Tennis Racket,Sports,1,510,510
2652,2024-11-29,1113,Biography,Books,3,1076,3228
2653,2024-11-17,1254,T-Shirt,Clothing,5,1160,5800
2654,2024-11-23,9,Football,Sports,4,1401,5604
2655,2024-10-05,720,Sofa,Home & Garden,5,485,2425
2656,2024-09-08,1380,Mixer,Home & Garden,1,196,196
2657,2024-05-23,1336,Football,Sports,2,532,1064
2658,2024-11-11,960,Sofa,Home & Garden,4,1787,7148
2659,2024-10-26,500,Yoga Mat,Sports,2,1855,3710
2660,2024-01-08,1298,Headphones,Electronics,2,1433,2866
2661,2024-09-26,156,Dumbbells,Sports,5,219,1095
2662,2024-10-17,72,Laptop,Electronics,4,1850,7400
2663,2024-01-04,1245,Sofa,Home & Garden,2,824,1648
2664,2024-02-21,326,Smartwatch,Electronics,4,1606,6424
2665,2024-12-02,1190,Cricket Bat,Sports,4,1928,7712
2666,2024-09-02,92,Yoga Mat,Sports,1,397,397
2667,2024-10-27,339,Jacket,Clothing,4,1518,6072
2668,2024-01-29,288,Jacket,Clothing,5,1317,6585
2669,2024-02-29,811,Tablet,Electronics,5,1264,6320
2670,2024-05-05,646,Chair,Home & Garden,1,27,27
2671,2024-05-09,1147,Smartwatch,Electronics,1,1351,1351
2672,2024-01-26,35,Lamp,Home & Garden,5,110,550
2673,2024-01-04,1243,Football,Sports,2,355,710
2674,2024-05-15,439,Tablet,Electronics,2,1100,2200
2675,2024-04-30,339,Cookware,Home & Garden,1,1144,1144
2676,2024-02-12,907,Headphones,Electronics,5,153,765
2677,2024-04-11,1477,Cookware,Home & Garden,1,1071,1071
2678,2024-08-30,985,Smartwatch,Electronics,3,325,975
2679,2024-06-06,1094,T-Shirt,Clothing,1,67,67
2680,2024-05-06,699,Fiction Book,Books,3,1715,5145
2681,2024-06-21,394,Headphones,Electronics,5,1999,9995
2682,2024-07-07,230,Football,Sports,3,1266,3798
2683,2024-11-29,962,Sofa,Home & Garden,4,1534,6136
2684,2024-05-27,1084,Fiction Book,Books,4,699,2796
2685,2024-07-04,263,Football,Sports,2,504,1008
2686,2024-12-05,254,Smartwatch,Electronics,3,1522,4566
2687,2024-04-06,214,Cricket Bat,Sports,5,940,4700
2688,2024-03-09,897,Biography,Books,5,1479,7395
2689,2024-10-27,1011,T-Shirt,Clothing,2,196,392
2690,2024-07-19,331,Comics,Books,5,1656,8280
2691,2024-08-17,886,Smartwatch,Electronics,1,1326,1326
2692,2024-04-27,573,Mixer,Home & Garden,2,366,732
2693,2024-04-29,925,Smartwatch,Electronics,1,974,974
2694,2024-07-15,1089,Jacket,Clothing,1,935,935
2695,2024-01-20,1435,Chair,Home & Garden,4,143,572
2696,2024-08-31,343,Headphones,Electronics,4,1824,7296
2697,2024-11-15,1143,History Book,Books,3,126,378
2698,2024-01-30,700,T-Shirt,Clothing,4,1442,5768
2699,2024-12-27,584,Science Book,Books,2,1822,3644
2700,2024-12-15,472,Comics,Books,2,962,1924
2701,2024-12-15,604,Fiction Book,Books,2,641,1282
2702,2024-06-13,212,Lamp,Home & Garden,3,388,1164
2703,2024-06-27,1166,Football,Sports,4,643,2572
2704,2024-08-29,290,Fiction Book,Books,4,1261,5044
2705,2024-04-13,830,Jeans,Clothing,5,1307,6535
2706,2024-10-21,87,Science Book,Books,4,138,552
2707,2024-12-24,1469,Tablet,Electronics,4,1552,6208
2708,2024-04-09,1115,Shoes,Clothing,1,520,520
2709,2024-07-19,142,Comics,Books,3,1202,3606
2710,2024-01-27,1096,Tablet,Electronics,3,1265,3795
2711,2024-04-29,1396,Dumbbells,Sports,3,793,2379
2712,2024-07-09,87,Jeans,Clothing,3,1632,4896
2713,2024-03-22,731,Yoga Mat,Sports,2,641,1282
2714,2024-01-19,934,Cricket Bat,Sports,4,1636,6544
2715,2024-11-24,1312,Tablet,Electronics,3,1257,3771
2716,2024-12-19,230,Football,Sports,3,224,672
2717,2024-07-12,1052,Biography,Books,5,870,4350
2718,2024-04-16,417,Dumbbells,Sports,4,936,3744
2719,2024-02-13,933,Laptop,Electronics,3,608,1824
2720,2024-03-22,1143,T-Shirt,Clothing,3,849,2547
2721,2024-04-04,595,Cookware,Home & Garden,2,1180,2360
2722,2024-05-18,1144,Jacket,Clothing,3,955,2865
2723,2024-09-22,1169,Jacket,Clothing,4,1584,6336
2724,2024-06-13,1237,Mobile,Electronics,5,93,465
2725,2024-03-31,992,Science Book,Books,1,253,253
2726,2024-10-24,1186,Headphones,Electronics,4,1373,5492
2727,2024-12-28,1238,Football,Sports,2,202,404
2728,2024-02-10,395,Lamp,Home & Garden,5,880,4400
2729,2024-05-11,160,Lamp,Home & Garden,5,1330,6650
2730,2024-10-26,974,Yoga Mat,Sports,4,1716,6864
2731,2024-05-19,827,Dress,Clothing,2,212,424
2732,2024-12-19,1266,Comics,Books,4,1517,6068
2733,2024-10-05,202,Science Book,Books,3,1844,5532
2734,2024-02-21,331,Biography,Books,3,552,1656
2735,2024-04-04,1193,Headphones,Electronics,2,1513,3026
2736,2024-06-19,342,Dress,Clothing,5,729,3645
2737,2024-01-13,1101,Dumbbells,Sports,3,909,2727
2738,2024-10-27,846,Shoes,Clothing,1,153,153
2739,2024-11-02,1433,Chair,Home & Garden,1,437,437
2740,2024-10-06,47,T-Shirt,Clothing,1,1171,1171
2741,2024-07-28,635,Mixer,Home & Garden,5,914,4570
2742,2024-04-05,115,Mixer,Home & Garden,2,146,292
2743,2024-07-28,385,Headphones,Electronics,1,160,160
2744,2024-02-11,750,Mixer,Home & Garden,3,1112,3336
2745,2024-10-22,1198,Dumbbells,Sports,2,1321,2642
2746,2024-12-24,489,Science Book,Books,5,789,3945
2747,2024-01-01,1010,Smartwatch,Electronics,5,1162,5810
2748,2024-06-06,882,Dress,Clothing,1,1939,1939
2749,2024-10-13,815,Tennis Racket,Sports,2,203,406
2750,2024-06-25,526,Smartwatch,Electronics,4,1646,6584
2751,2024-07-18,635,Mixer,Home & Garden,3,261,783
2752,2024-02-13,1316,Yoga Mat,Sports,5,1080,5400
2753,2024-07-30,62,Dumbbells,Sports,2,1950,3900
2754,2024-09-17,1460,Dress,Clothing,5,1194,5970
2755,2024-04-18,108,Headphones,Electronics,4,1325,5300
2756,2024-12-10,1175,Chair,Home & Garden,5,337,1685
2757,2024-04-16,203,Lamp,Home & Garden,2,51,102
2758,2024-05-12,623,Jacket,Clothing,3,1413,4239
2759,2024-06-06,1095,Jacket,Clothing,5,223,1115
2760,2024-07-03,1142,T-Shirt,Clothing,5,1866,9330
2761,2024-06-27,1170,Cricket Bat,Sports,4,451,1804
2762,2024-08-18,1167,Tablet,Electronics,4,1133,4532
2763,2024-09-09,704,Mixer,Home & Garden,5,1316,6580
2764,2024-07-03,44,Tablet,Electronics,5,574,2870
2765,2024-02-18,1038,Lamp,Home & Garden,4,333,1332
2766,2024-06-13,931,Tablet,Electronics,3,1587,4761
2767,2024-05-17,951,Jacket,Clothing,5,1979,9895
2768,2024-04-09,580,Tablet,Electronics,4,424,1696
2769,2024-01-25,639,Shoes,Clothing,3,1086,3258
2770,2024-06-24,670,Smartwatch,Electronics,5,1859,9295
2771,2024-05-16,80,Cookware,Home & Garden,5,1251,6255
2772,2024-07-08,560,Mixer,Home & Garden,2,1036,2072
2773,2024-08-21,1389,Cookware,Home & Garden,3,1601,4803
2774,2024-01-14,2,T-Shirt,Clothing,1,889,889
2775,2024-11-17,46,Lamp,Home & Garden,4,1651,6604
2776,2024-07-20,1350,Cookware,Home & Garden,2,1661,3322
2777,2024-08-16,1427,Shoes,Clothing,5,739,3695
2778,2024-02-05,1484,Cookware,Home & Garden,3,1815,5445
2779,2024-02-20,733,Jeans,Clothing,1,571,571
2780,2024-05-06,1030,Laptop,Electronics,3,1980,5940
2781,2024-01-02,425,Mobile,Electronics,5,229,1145
2782,2024-07-17,670,Jeans,Clothing,4,1078,4312
2783,2024-08-29,1214,Chair,Home & Garden,2,705,1410
2784,2024-11-01,183,History Book,Books,2,287,574
2785,2024-08-28,294,Fiction Book,Books,2,402,804
2786,2024-02-13,30,Tablet,Electronics,1,172,172
2787,2024-12-04,142,Yoga Mat,Sports,5,445,2225
2788,2024-11-06,870,T-Shirt,Clothing,1,1954,1954
2789,2024-07-04,1109,Mobile,Electronics,3,324,972
2790,2024-03-25,1230,Laptop,Electronics,2,1772,3544
2791,2024-12-11,843,Science Book,Books,2,188,376
2792,2024-06-24,972,Lamp,Home & Garden,2,1276,2552
2793,2024-08-18,44,Jacket,Clothing,2,1729,3458
2794,2024-12-14,1460,Jeans,Clothing,3,566,1698
2795,2024-10-30,1102,Biography,Books,5,314,1570
2796,2024-07-08,46,Sofa,Home & Garden,3,941,2823
2797,2024-12-24,145,Mobile,Electronics,3,1110,3330
2798,2024-04-27,546,Tennis Racket,Sports,1,1452,1452
2799,2024-03-16,590,Jacket,Clothing,5,857,4285
2800,2024-09-03,1421,Yoga Mat,Sports,5,1906,9530
2801,2024-06-26,1180,Biography,Books,3,215,645
2802,2024-10-20,32,Dumbbells,Sports,3,928,2784
2803,2024-02-06,758,Dumbbells,Sports,2,74,148
2804,2024-11-26,430,Football,Sports,3,1260,3780
2805,2024-03-18,930,Jeans,Clothing,4,1067,4268
2806,2024-03-04,1001,Cricket Bat,Sports,2,234,468
2807,2024-11-02,1209,Dumbbells,Sports,3,688,2064
2808,2024-10-02,506,Science Book,Books,2,1374,2748
2809,2024-01-08,662,Science Book,Books,1,425,425
2810,2024-08-02,885,Sofa,Home & Garden,3,604,1812
2811,2024-12-14,1425,Tablet,Electronics,1,1337,1337
2812,2024-07-29,863,Comics,Books,5,1165,5825
2813,2024-05-02,909,Jeans,Clothing,2,583,1166
2814,2024-09-18,738,Jacket,Clothing,3,1569,4707
2815,2024-03-22,816,Chair,Home & Garden,5,412,2060
2816,2024-06-18,479,Fiction Book,Books,2,976,1952
2817,2024-03-29,1024,Fiction Book,Books,3,466,1398
2818,2024-08-20,1291,Football,Sports,1,1393,1393
2819,2024-03-17,989,Football,Sports,4,209,836
2820,2024-03-18,1257,Mixer,Home & Garden,5,462,2310
2821,2024-01-10,191,Mixer,Home & Garden,1,627,627
2822,2024-03-31,778,Fiction Book,Books,1,1218,1218
2823,2024-04-01,12,Laptop,Electronics,1,285,285
2824,2024-06-06,1414,Tennis Racket,Sports,3,1200,3600
2825,2024-08-07,621,History Book,Books,2,563,1126
2826,2024-06-20,1375,Tablet,Electronics,2,1838,3676
2827,2024-04-23,486,Science Book,Books,2,777,1554
2828,2024-05-14,1150,Dumbbells,Sports,5,458,2290
2829,2024-01-02,1259,Cricket Bat,Sports,2,114,228
2830,2024-11-01,931,Shoes,Clothing,4,1214,4856
2831,2024-12-14,976,Cookware,Home & Garden,2,1826,3652
2832,2024-12-20,846,Mobile,Electronics,1,1726,1726
2833,2024-11-04,818,Tennis Racket,Sports,1,1088,1088
2834,2024-09-21,415,Mixer,Home & Garden,5,1225,6125
2835,2024-04-11,500,Jacket,Clothing,2,1516,3032
2836,2024-09-11,919,Fiction Book,Books,2,932,1864
2837,2024-05-18,307,Science Book,Books,2,1870,3740
2838,2024-10-13,776,Science Book,Books,5,792,3960
2839,2024-04-19,1323,Biography,Books,4,1263,5052
2840,2024-12-21,662,Jacket,Clothing,1,1217,1217
2841,2024-01-17,469,Tablet,Electronics,3,1133,3399
2842,2024-12-14,1094,History Book,Books,5,1391,6955
2843,2024-07-17,123,Sofa,Home & Garden,1,1559,1559
2844,2024-05-03,848,Laptop,Electronics,4,1092,4368
2845,2024-12-02,439,Jacket,Clothing,1,1002,1002
2846,2024-10-16,1167,Dress,Clothing,2,780,1560
2847,2024-06-05,550,History Book,Books,5,1825,9125
2848,2024-08-14,1477,Fiction Book,Books,3,832,2496
2849,2024-11-25,1341,Science Book,Books,4,1640,6560
2850,2024-04-05,1210,Tennis Racket,Sports,5,1092,5460
2851,2024-04-08,545,Dumbbells,Sports,2,1141,2282
2852,2024-11-13,659,Jacket,Clothing,2,1945,3890
2853,2024-09-12,154,Fiction Book,Books,5,894,4470
2854,2024-10-25,631,Laptop,Electronics,1,880,880
2855,2024-09-12,612,Shoes,Clothing,2,999,1998
2856,2024-08-06,1249,Laptop,Electronics,4,1838,7352
2857,2024-11-19,1238,Mobile,Electronics,2,1553,3106
2858,2024-02-15,691,Lamp,Home & Garden,1,794,794
2859,2024-05-08,967,Sofa,Home & Garden,1,47,47
2860,2024-10-20,1180,Tennis Racket,Sports,2,653,1306
2861,2024-09-18,214,Football,Sports,2,1457,2914
2862,2024-12-13,245,Lamp,Home & Garden,5,597,2985
2863,2024-01-11,1158,T-Shirt,Clothing,3,661,1983
2864,2024-01-21,947,Jeans,Clothing,1,39,39
2865,2024-03-22,1164,Comics,Books,1,1943,1943
2866,2024-11-07,1099,Football,Sports,2,204,408
2867,2024-11-26,646,Tablet,Electronics,4,1162,4648
2868,2024-09-07,647,Dumbbells,Sports,2,1137,2274
2869,2024-03-31,987,Comics,Books,3,1596,4788
2870,2024-07-23,252,Comics,Books,1,1906,1906
2871,2024-11-17,742,Tablet,Electronics,2,231,462
2872,2024-08-30,1054,Football,Sports,3,1108,3324
2873,2024-06-26,611,Biography,Books,5,1607,8035
2874,2024-11-16,68,Science Book,Books,1,16,16
2875,2024-07-29,148,T-Shirt,Clothing,2,1774,3548
2876,2024-06-17,998,Jeans,Clothing,3,1668,5004
2877,2024-07-27,264,Dress,Clothing,1,749,749
2878,2024-02-27,230,Yoga Mat,Sports,1,1780,1780
2879,2024-10-17,1142,Tennis Racket,Sports,5,1767,8835
2880,2024-09-29,1244,Mixer,Home & Garden,4,1583,6332
2881,2024-11-14,1396,Sofa,Home & Garden,5,1905,9525
2882,2024-07-25,1215,Jeans,Clothing,3,72,216
2883,2024-05-03,328,Lamp,Home & Garden,2,453,906
2884,2024-06-22,193,Yoga Mat,Sports,1,1117,1117
2885,2024-03-02,1088,Laptop,Electronics,1,1357,1357
2886,2024-03-25,1241,Chair,Home & Garden,1,1612,1612
2887,2024-04-05,900,Biography,Books,1,698,698
2888,2024-08-08,378,Smartwatch,Electronics,1,633,633
2889,2024-10-31,1408,Fiction Book,Books,5,262,1310
2890,2024-07-23,1222,Dumbbells,Sports,1,542,542
2891,2024-05-29,263,Dumbbells,Sports,3,1296,3888
2892,2024-01-08,1358,Chair,Home & Garden,3,1371,4113
2893,2024-01-30,284,Comics,Books,3,278,834
2894,2024-07-02,970,Shoes,Clothing,3,1777,5331
2895,2024-10-02,1293,Yoga Mat,Sports,5,1793,8965
2896,2024-08-01,39,Fiction Book,Books,1,1729,1729
2897,2024-03-26,1269,T-Shirt,Clothing,4,1098,4392
2898,2024-01-08,887,Fiction Book,Books,4,713,2852
2899,2024-08-22,548,Mobile,Electronics,3,1654,4962
2900,2024-09-02,956,Mobile,Electronics,2,24,48
2901,2024-03-07,651,T-Shirt,Clothing,1,57,57
2902,2024-03-21,1156,Mixer,Home & Garden,4,839,3356
2903,2024-11-23,291,Cookware,Home & Garden,3,45,135
2904,2024-07-15,616,Fiction Book,Books,5,77,385
2905,2024-04-22,1467,Fiction Book,Books,4,1431,5724
2906,2024-10-22,1062,Football,Sports,5,624,3120
2907,2024-02-29,263,Headphones,Electronics,2,280,560
2908,2024-02-12,983,Jeans,Clothing,4,1309,5236
2909,2024-09-20,93,Headphones,Electronics,3,384,1152
2910,2024-03-07,1467,Sofa,Home & Garden,5,1949,9745
2911,2024-04-15,114,Dumbbells,Sports,4,1234,4936
2912,2024-05-18,1008,Smartwatch,Electronics,4,337,1348
2913,2024-12-08,1440,Tennis Racket,Sports,4,833,3332
2914,2024-04-23,1348,Shoes,Clothing,5,444,2220
2915,2024-11-18,804,Chair,Home & Garden,4,776,3104
2916,2024-04-24,778,Comics,Books,5,1198,5990
2917,2024-10-29,44,Yoga Mat,Sports,1,1579,1579
2918,2024-03-30,681,History Book,Books,3,1690,5070
2919,2024-09-28,1067,Science Book,Books,2,780,1560
2920,2024-05-20,779,Dumbbells,Sports,1,1446,1446
2921,2024-05-08,483,Cricket Bat,Sports,2,1786,3572
2922,2024-07-10,97,Shoes,Clothing,3,908,2724
2923,2024-05-24,512,Football,Sports,3,596,1788
2924,2024-03-12,590,Headphones,Electronics,1,1924,1924
2925,2024-08-08,1213,Jeans,Clothing,3,283,849
2926,2024-01-20,192,Jacket,Clothing,2,118,236
2927,2024-10-20,121,Laptop,Electronics,1,1060,1060
2928,2024-07-07,1315,Headphones,Electronics,1,1249,1249
2929,2024-12-02,873,Jacket,Clothing,1,955,955
2930,2024-02-02,940,Football,Sports,2,1303,2606
2931,2024-05-13,1463,Tablet,Electronics,4,1043,4172
2932,2024-12-01,601,Cricket Bat,Sports,3,806,2418
2933,2024-07-17,696,History Book,Books,1,517,517
2934,2024-12-05,1215,Dumbbells,Sports,1,1010,1010
2935,2024-10-28,1157,Cricket Bat,Sports,2,1205,2410
2936,2024-09-05,152,Mixer,Home & Garden,1,1703,1703
2937,2024-07-30,774,Tennis Racket,Sports,2,390,780
2938,2024-04-21,791,Tablet,Electronics,3,1365,4095
2939,2024-05-10,153,History Book,Books,4,179,716
2940,2024-11-19,1457,Dumbbells,Sports,2,290,580
2941,2024-07-08,973,Mobile,Electronics,5,1934,9670
2942,2024-03-19,250,Cricket Bat,Sports,2,1542,3084
2943,2024-11-21,857,Biography,Books,1,1073,1073
2944,2024-11-09,1328,Headphones,Electronics,4,388,1552
2945,2024-06-12,445,Mobile,Electronics,1,392,392
2946,2024-11-15,419,Cookware,Home & Garden,2,847,1694
2947,2024-07-02,20,Lamp,Home & Garden,2,1408,2816
2948,2024-08-31,383,Dumbbells,Sports,5,1564,7820
2949,2024-04-11,963,Tablet,Electronics,2,1876,3752
2950,2024-06-19,411,Mobile,Electronics,3,882,2646
2951,2024-04-28,1143,Sofa,Home & Garden,2,903,1806
2952,2024-07-22,95,Mixer,Home & Garden,5,332,1660
2953,2024-04-20,788,Chair,Home & Garden,5,1079,5395
2954,2024-05-21,622,Biography,Books,5,394,1970
2955,2024-02-28,156,Cricket Bat,Sports,1,1814,1814
2956,2024-07-28,917,Shoes,Clothing,2,71,142
2957,2024-09-25,1450,Biography,Books,2,1513,3026
2958,2024-10-18,1126,History Book,Books,1,689,689
2959,2024-08-01,901,Mixer,Home & Garden,4,1775,7100
2960,2024-03-15,695,T-Shirt,Clothing,1,1049,1049
2961,2024-05-27,456,Science Book,Books,1,244,244
2962,2024-01-14,1435,Cricket Bat,Sports,5,19,95
2963,2024-10-08,1277,Fiction Book,Books,4,1960,7840
2964,2024-06-28,1199,Football,Sports,5,1906,9530
2965,2024-12-26,983,Shoes,Clothing,3,1565,4695
2966,2024-10-18,876,Cookware,Home & Garden,3,1854,5562
2967,2024-01-22,1425,Football,Sports,3,537,1611
2968,2024-11-11,1429,Cricket Bat,Sports,1,1135,1135
2969,2024-03-10,1316,Smartwatch,Electronics,3,938,2814
2970,2024-10-09,139,Mobile,Electronics,5,755,3775
2971,2024-01-11,1174,Lamp,Home & Garden,1,716,716
2972,2024-12-24,1007,Sofa,Home & Garden,5,838,4190
2973,2024-08-22,120,Laptop,Electronics,5,1921,9605
2974,2024-08-21,1277,Yoga Mat,Sports,4,1477,5908
2975,2024-06-25,976,Yoga Mat,Sports,4,135,540
2976,2024-03-12,814,Tennis Racket,Sports,1,501,501
2977,2024-02-09,1101,Sofa,Home & Garden,1,1538,1538
2978,2024-09-03,1253,Dress,Clothing,2,1346,2692
2979,2024-08-16,754,Jeans,Clothing,5,618,3090
2980,2024-05-26,129,Lamp,Home & Garden,3,282,846
2981,2024-07-07,172,Headphones,Electronics,2,1061,2122
2982,2024-05-01,1413,Science Book,Books,5,1594,7970
2983,2024-02-20,861,Tennis Racket,Sports,5,1666,8330
2984,2024-08-30,1305,Lamp,Home & Garden,1,1925,1925
2985,2024-01-30,302,Comics,Books,3,645,1935
2986,2024-01-25,1479,Biography,Books,3,1318,3954
2987,2024-05-29,1301,Cookware,Home & Garden,1,1704,1704
2988,2024-05-16,932,Chair,Home & Garden,3,763,2289
2989,2024-04-27,870,Mixer,Home & Garden,5,1414,7070
2990,2024-08-02,708,T-Shirt,Clothing,2,1775,3550
2991,2024-05-17,641,Comics,Books,3,1691,5073
2992,2024-07-23,1485,Laptop,Electronics,5,355,1775
2993,2024-01-31,1175,Sofa,Home & Garden,5,1631,8155
2994,2024-09-02,664,Smartwatch,Electronics,3,1003,3009
2995,2024-09-12,1491,Sofa,Home & Garden,5,1773,8865
2996,2024-03-08,620,Biography,Books,2,941,1882
2997,2024-06-01,343,Lamp,Home & Garden,1,471,471
2998,2024-09-29,361,T-Shirt,Clothing,5,1444,7220
2999,2024-12-10,870,T-Shirt,Clothing,4,856,3424
3000,2024-05-07,255,Biography,Books,5,1653,8265
3001,2024-07-26,1345,Science Book,Books,4,1534,6136
3002,2024-07-07,784,Mixer,Home & Garden,1,184,184
3003,2024-09-18,365,Jacket,Clothing,5,17,85
3004,2024-06-04,186,Science Book,Books,2,1241,2482
3005,2024-07-17,918,Comics,Books,4,1276,5104
3006,2024-12-27,977,Smartwatch,Electronics,3,1032,3096
3007,2024-12-22,245,Sofa,Home & Garden,4,1226,4904
3008,2024-03-19,1342,Yoga Mat,Sports,3,887,2661
3009,2024-04-10,466,Headphones,Electronics,2,1632,3264
3010,2024-09-23,94,Sofa,Home & Garden,1,475,475
3011,2024-11-16,1464,Football,Sports,3,409,1227
3012,2024-01-16,959,Jacket,Clothing,2,1547,3094
3013,2024-04-08,132,Biography,Books,2,166,332
3014,2024-11-25,529,Tennis Racket,Sports,2,684,1368
3015,2024-07-13,963,Lamp,Home & Garden,5,312,1560
3016,2024-06-20,982,Football,Sports,4,879,3516
3017,2024-12-31,141,Jeans,Clothing,1,1917,1917
3018,2024-01-16,1165,Science Book,Books,3,1044,3132
3019,2024-11-14,1351,Jeans,Clothing,2,1484,2968
3020,2024-06-16,1438,Science Book,Books,3,1120,3360
3021,2024-04-11,1278,Fiction Book,Books,2,1574,3148
3022,2024-09-15,378,Laptop,Electronics,4,1783,7132
3023,2024-04-26,932,Science Book,Books,1,255,255
3024,2024-01-28,581,Chair,Home & Garden,1,94,94
3025,2024-10-10,606,Yoga Mat,Sports,4,605,2420
3026,2024-11-06,1452,Chair,Home & Garden,3,79,237
3027,2024-02-06,1324,Comics,Books,1,928,928
3028,2024-06-28,1116,Jeans,Clothing,5,102,510
3029,2024-05-06,336,Jeans,Clothing,4,1126,4504
3030,2024-12-17,1455,Mobile,Electronics,5,1509,7545
3031,2024-05-15,826,Yoga Mat,Sports,3,239,717
3032,2024-01-16,678,Sofa,Home & Garden,3,1069,3207
3033,2024-11-30,1166,Football,Sports,3,177,531
3034,2024-08-04,1201,Mixer,Home & Garden,4,25,100
3035,2024-02-15,1450,Cricket Bat,Sports,4,397,1588
3036,2024-11-13,505,Shoes,Clothing,1,931,931
3037,2024-10-21,85,T-Shirt,Clothing,3,971,2913
3038,2024-04-25,427,Tennis Racket,Sports,3,1236,3708
3039,2024-06-11,1469,Shoes,Clothing,4,1011,4044
3040,2024-12-13,34,Mixer,Home & Garden,2,529,1058
3041,2024-10-20,761,Mixer,Home & Garden,5,984,4920
3042,2024-05-12,673,Smartwatch,Electronics,3,1981,5943
3043,2024-05-11,1231,Football,Sports,3,989,2967
3044,2024-02-29,985,Jacket,Clothing,3,1646,4938
3045,2024-05-26,1276,Cookware,Home & Garden,4,1133,4532
3046,2024-12-25,190,Headphones,Electronics,5,194,970
3047,2024-10-10,777,History Book,Books,5,616,3080
3048,2024-06-24,67,Laptop,Electronics,2,247,494
3049,2024-09-24,1232,History Book,Books,3,641,1923
3050,2024-07-15,838,Chair,Home & Garden,3,60,180
3051,2024-02-28,909,Laptop,Electronics,5,579,2895
3052,2024-06-12,1330,Dumbbells,Sports,2,1116,2232
3053,2024-07-02,1495,T-Shirt,Clothing,3,946,2838
3054,2024-09-11,1090,Chair,Home & Garden,5,652,3260
3055,2024-06-29,654,Jacket,Clothing,5,366,1830
3056,2024-04-23,188,History Book,Books,2,1325,2650
3057,2024-08-18,1019,Lamp,Home & Garden,3,480,1440
3058,2024-06-10,713,Comics,Books,1,929,929
3059,2024-01-08,246,Tennis Racket,Sports,5,1062,5310
3060,2024-04-12,636,Jacket,Clothing,3,386,1158
3061,2024-04-26,146,T-Shirt,Clothing,2,62,124
3062,2024-11-13,875,History Book,Books,5,1823,9115
3063,2024-12-01,77,Mobile,Electronics,2,1718,3436
3064,2024-07-13,926,Headphones,Electronics,1,824,824
3065,2024-11-21,890,Sofa,Home & Garden,4,83,332
3066,2024-02-28,895,Mixer,Home & Garden,2,275,550
3067,2024-11-21,547,Chair,Home & Garden,5,1382,6910
3068,2024-10-29,1443,Yoga Mat,Sports,1,1389,1389
3069,2024-06-30,836,Sofa,Home & Garden,2,475,950
3070,2024-11-22,434,Comics,Books,2,1548,3096
3071,2024-08-09,368,Smartwatch,Electronics,3,1914,5742
3072,2024-03-25,1299,Biography,Books,1,1071,1071
3073,2024-01-19,1470,Cricket Bat,Sports,4,340,1360
3074,2024-12-03,1136,Dumbbells,Sports,1,1539,1539
3075,2024-08-24,725,Tennis Racket,Sports,5,1249,6245
3076,2024-03-13,177,History Book,Books,2,715,1430
3077,2024-01-02,913,Yoga Mat,Sports,4,1660,6640
3078,2024-03-07,656,Sofa,Home & Garden,1,1939,1939
3079,2024-05-21,490,Comics,Books,3,1328,3984
3080,2024-09-25,1105,Mobile,Electronics,3,873,2619
3081,2024-08-16,315,Laptop,Electronics,4,275,1100
3082,2024-03-30,451,T-Shirt,Clothing,2,1743,3486
3083,2024-11-25,277,Jeans,Clothing,3,398,1194
3084,2024-01-18,945,Jacket,Clothing,4,690,2760
3085,2024-05-01,1210,T-Shirt,Clothing,5,1254,6270
3086,2024-11-24,1285,Sofa,Home & Garden,5,947,4735
3087,2024-08-18,141,Lamp,Home & Garden,2,964,1928
3088,2024-10-18,216,Fiction Book,Books,3,605,1815
3089,2024-01-26,940,Cookware,Home & Garden,3,210,630
3090,2024-01-02,204,Fiction Book,Books,2,1792,3584
3091,2024-08-22,364,Mobile,Electronics,1,1720,1720
3092,2024-09-01,740,Fiction Book,Books,2,1191,2382
3093,2024-07-14,31,Yoga Mat,Sports,4,1086,4344
3094,2024-06-01,1191,Mixer,Home & Garden,5,666,3330
3095,2024-02-29,1286,Tablet,Electronics,3,1943,5829
3096,2024-01-30,621,Tennis Racket,Sports,5,664,3320
3097,2024-02-10,1244,Shoes,Clothing,1,176,176
3098,2024-04-04,450,Smartwatch,Electronics,3,640,1920
3099,2024-12-14,1344,History Book,Books,1,516,516
3100,2024-10-25,468,Mixer,Home & Garden,2,1790,3580
3101,2024-07-30,499,Comics,Books,2,796,1592
3102,2024-09-17,413,Jeans,Clothing,2,437,874
3103,2024-10-18,813,History Book,Books,3,524,1572
3104,2024-03-31,119,Headphones,Electronics,1,1968,1968
3105,2024-10-03,570,Fiction Book,Books,5,1690,8450
3106,2024-01-13,167,Cookware,Home & Garden,3,1657,4971
3107,2024-04-08,1321,Mixer,Home & Garden,2,846,1692
3108,2024-08-27,1423,Dumbbells,Sports,4,508,2032
3109,2024-05-19,348,Smartwatch,Electronics,2,1054,2108
3110,2024-11-12,766,History Book,Books,1,897,897
3111,2024-08-09,340,Football,Sports,5,1780,8900
3112,2024-01-17,1272,Lamp,Home & Garden,1,1149,1149
3113,2024-06-05,293,Shoes,Clothing,4,992,3968
3114,2024-09-28,51,Tennis Racket,Sports,5,1382,6910
3115,2024-06-12,559,Mobile,Electronics,3,1747,5241
3116,2024-12-03,1057,Sofa,Home & Garden,4,556,2224
3117,2024-12-21,969,Smartwatch,Electronics,3,1211,3633
3118,2024-06-08,1069,Tennis Racket,Sports,5,1567,7835
3119,2024-12-30,622,Smartwatch,Electronics,3,519,1557
3120,2024-08-29,929,Dumbbells,Sports,5,1017,5085
3121,2024-01-18,221,Cricket Bat,Sports,1,1423,1423
3122,2024-11-24,396,Chair,Home & Garden,3,1959,5877
3123,2024-02-07,244,Mixer,Home & Garden,1,1474,1474
3124,2024-04-21,898,Tablet,Electronics,3,1526,4578
3125,2024-10-07,1277,Lamp,Home & Garden,2,1187,2374
3126,2024-10-09,95,Science Book,Books,4,1031,4124
3127,2024-02-25,1423,Chair,Home & Garden,4,784,3136
3128,2024-12-04,351,Fiction Book,Books,1,585,585
3129,2024-07-09,1411,Sofa,Home & Garden,4,30,120
3130,2024-09-02,1098,Lamp,Home & Garden,3,1335,4005
3131,2024-05-20,384,Smartwatch,Electronics,2,1776,3552
3132,2024-05-16,393,Jeans,Clothing,4,1052,4208
3133,2024-09-05,1026,Headphones,Electronics,1,1722,1722
3134,2024-09-05,1360,Tennis Racket,Sports,1,826,826
3135,2024-04-21,49,Shoes,Clothing,5,271,1355
3136,2024-02-10,730,Fiction Book,Books,1,666,666
3137,2024-11-18,1487,Tennis Racket,Sports,3,1395,4185
3138,2024-09-02,1039,Comics,Books,5,788,3940
3139,2024-08-13,700,Chair,Home & Garden,2,808,1616
3140,2024-04-27,1143,Jacket,Clothing,4,513,2052
3141,2024-02-09,362,Headphones,Electronics,3,1768,5304
3142,2024-03-06,1260,Cricket Bat,Sports,3,1245,3735
3143,2024-11-27,1282,History Book,Books,4,545,2180
3144,2024-03-13,881,Cricket Bat,Sports,3,364,1092
3145,2024-07-08,763,Laptop,Electronics,5,232,1160
3146,2024-03-18,153,Headphones,Electronics,1,107,107
3147,2024-05-08,1178,Tennis Racket,Sports,5,551,2755
3148,2024-03-14,577,T-Shirt,Clothing,1,1364,1364
3149,2024-02-04,1205,Mobile,Electronics,2,1772,3544
3150,2024-03-07,613,Cricket Bat,Sports,2,1674,3348
3151,2024-09-01,868,Mixer,Home & Garden,2,532,1064
3152,2024-08-24,228,T-Shirt,Clothing,1,504,504
3153,2024-02-23,950,Tennis Racket,Sports,1,1827,1827
3154,2024-01-08,543,Dumbbells,Sports,2,1583,3166
3155,2024-04-20,990,Yoga Mat,Sports,4,858,3432
3156,2024-10-13,537,Tablet,Electronics,4,1007,4028
3157,2024-10-19,243,Cookware,Home & Garden,5,1114,5570
3158,2024-11-27,896,Jacket,Clothing,1,352,352
3159,2024-07-25,1466,Lamp,Home & Garden,5,1730,8650
3160,2024-06-26,463,Dress,Clothing,2,1099,2198
3161,2024-12-26,196,Smartwatch,Electronics,2,1300,2600
3162,2024-10-31,705,Chair,Home & Garden,3,561,1683
3163,2024-06-24,1344,Tablet,Electronics,4,1081,4324
3164,2024-11-02,1468,Yoga Mat,Sports,2,1974,3948
3165,2024-05-20,1038,Dumbbells,Sports,4,1316,5264
3166,2024-08-02,442,Science Book,Books,2,1692,3384
3167,2024-04-04,1034,Yoga Mat,Sports,3,373,1119
3168,2024-12-02,410,History Book,Books,5,1952,9760
3169,2024-07-12,1280,History Book,Books,3,1687,5061
3170,2024-04-12,1422,Mixer,Home & Garden,2,1495,2990
3171,2024-01-30,259,Chair,Home & Garden,2,130,260
3172,2024-08-14,47,Biography,Books,3,756,2268
3173,2024-10-30,769,Mixer,Home & Garden,4,303,1212
3174,2024-11-05,628,Biography,Books,2,646,1292
3175,2024-11-05,859,Headphones,Electronics,5,984,4920
3176,2024-10-01,214,Lamp,Home & Garden,3,52,156
3177,2024-12-10,1030,Lamp,Home & Garden,2,858,1716
3178,2024-12-31,849,Fiction Book,Books,4,1240,4960
3179,2024-05-17,834,Yoga Mat,Sports,2,1061,2122
3180,2024-04-26,73,Football,Sports,1,1770,1770
3181,2024-08-19,1109,Dumbbells,Sports,2,381,762
3182,2024-01-16,1151,Laptop,Electronics,4,1529,6116
3183,2024-05-28,1033,Dress,Clothing,5,525,2625
3184,2024-08-23,176,Jeans,Clothing,1,389,389
3185,2024-06-01,907,Mixer,Home & Garden,3,671,2013
3186,2024-04-11,604,Chair,Home & Garden,1,1735,1735
3187,2024-04-18,1428,Fiction Book,Books,3,696,2088
3188,2024-10-02,635,Science Book,Books,5,838,4190
3189,2024-12-20,328,Science Book,Books,2,31,62
3190,2024-10-23,858,Jeans,Clothing,2,906,1812
3191,2024-09-30,326,Mixer,Home & Garden,5,1471,7355
3192,2024-07-03,624,Fiction Book,Books,4,1467,5868
3193,2024-03-23,161,Dress,Clothing,2,1996,3992
3194,2024-05-16,1153,Laptop,Electronics,5,597,2985
3195,2024-03-18,813,Chair,Home & Garden,5,978,4890
3196,2024-06-06,1174,Science Book,Books,2,1295,2590
3197,2024-08-21,1330,Dress,Clothing,2,1089,2178
3198,2024-03-25,704,Jeans,Clothing,1,1374,1374
3199,2024-05-06,320,Cookware,Home & Garden,2,1201,2402
3200,2024-12-18,1231,Dumbbells,Sports,3,1107,3321
3201,2024-08-10,1080,Mixer,Home & Garden,1,1154,1154
3202,2024-06-12,1129,Biography,Books,2,1897,3794
3203,2024-01-15,753,Fiction Book,Books,4,289,1156
3204,2024-03-21,201,Headphones,Electronics,5,1290,6450
3205,2024-07-05,1393,Dress,Clothing,4,1491,5964
3206,2024-10-01,784,Lamp,Home & Garden,3,248,744
3207,2024-03-26,40,Football,Sports,4,155,620
3208,2024-12-20,818,History Book,Books,1,263,263
3209,2024-07-24,1049,Shoes,Clothing,5,408,2040
3210,2024-03-26,912,Lamp,Home & Garden,4,878,3512
3211,2024-08-16,1145,Tennis Racket,Sports,4,584,2336
3212,2024-04-01,398,Jeans,Clothing,5,1845,9225
3213,2024-05-11,1338,Biography,Books,5,626,3130
3214,2024-12-09,880,Yoga Mat,Sports,2,1827,3654
3215,2024-05-31,493,Lamp,Home & Garden,1,139,139
3216,2024-05-05,271,T-Shirt,Clothing,1,862,862
3217,2024-07-24,184,Cookware,Home & Garden,2,1867,3734
3218,2024-04-18,97,Dumbbells,Sports,4,94,376
3219,2024-06-21,1369,Laptop,Electronics,4,1437,5748
3220,2024-03-21,359,Yoga Mat,Sports,3,1621,4863
3221,2024-10-30,1462,Lamp,Home & Garden,5,65,325
3222,2024-01-15,936,Biography,Books,5,355,1775
3223,2024-05-19,1340,Jacket,Clothing,2,518,1036
3224,2024-09-16,873,Jacket,Clothing,3,724,2172
3225,2024-08-17,652,Biography,Books,5,432,2160
3226,2024-03-04,433,Tablet,Electronics,1,450,450
3227,2024-05-18,324,Fiction Book,Books,1,38,38
3228,2024-07-15,442,T-Shirt,Clothing,2,890,1780
3229,2024-02-18,853,Dumbbells,Sports,3,611,1833
3230,2024-08-09,200,Smartwatch,Electronics,3,69,207
3231,2024-06-10,988,Science Book,Books,5,135,675
3232,2024-11-26,855,Chair,Home & Garden,2,1713,3426
3233,2024-05-19,1210,Jeans,Clothing,1,642,642
3234,2024-07-04,570,Jeans,Clothing,3,1762,5286
3235,2024-06-28,478,Jacket,Clothing,4,286,1144
3236,2024-04-07,1026,Cricket Bat,Sports,3,1127,3381
3237,2024-02-12,300,Headphones,Electronics,3,1633,4899
3238,2024-05-26,1280,Chair,Home & Garden,1,1881,1881
3239,2024-10-21,13,Tennis Racket,Sports,3,650,1950
3240,2024-08-19,1009,Jacket,Clothing,3,1288,3864
3241,2024-07-19,884,Football,Sports,2,368,736
3242,2024-07-04,673,Football,Sports,3,1089,3267
3243,2024-03-06,271,Headphones,Electronics,5,1423,7115
3244,2024-12-25,174,Football,Sports,1,1892,1892
3245,2024-12-17,1139,Yoga Mat,Sports,1,538,538
3246,2024-05-21,1282,Mixer,Home & Garden,5,1925,9625
3247,2024-10-12,1004,Science Book,Books,3,403,1209
3248,2024-06-11,651,Headphones,Electronics,3,1048,3144
3249,2024-10-13,299,Mixer,Home & Garden,5,957,4785
3250,2024-06-27,658,T-Shirt,Clothing,3,330,990
3251,2024-08-29,1161,Mobile,Electronics,4,841,3364
3252,2024-12-16,427,Dress,Clothing,2,371,742
3253,2024-10-02,839,Jacket,Clothing,4,1469,5876
3254,2024-11-02,451,Dress,Clothing,5,1109,5545
3255,2024-08-20,70,Chair,Home & Garden,1,909,909
3256,2024-10-20,1197,Jeans,Clothing,2,1574,3148
3257,2024-11-24,1295,Tablet,Electronics,2,1827,3654
3258,2024-12-23,1324,Shoes,Clothing,3,470,1410
3259,2024-01-22,208,Chair,Home & Garden,4,926,3704
3260,2024-03-02,1342,Chair,Home & Garden,5,746,3730
3261,2024-08-05,96,Lamp,Home & Garden,2,347,694
3262,2024-09-17,653,Lamp,Home & Garden,2,1442,2884
3263,2024-04-16,1474,Dress,Clothing,4,119,476
3264,2024-03-04,394,Headphones,Electronics,1,807,807
3265,2024-06-30,469,Football,Sports,1,877,877
3266,2024-03-26,836,Dumbbells,Sports,1,1688,1688
3267,2024-08-24,1325,Headphones,Electronics,3,995,2985
3268,2024-08-08,1459,Tablet,Electronics,2,125,250
3269,2024-08-03,1422,Chair,Home & Garden,4,1515,6060
3270,2024-08-02,792,Chair,Home & Garden,3,1157,3471
3271,2024-09-26,911,Science Book,Books,3,1013,3039
3272,2024-10-31,264,Jacket,Clothing,2,1768,3536
3273,2024-01-31,528,Shoes,Clothing,4,484,1936
3274,2024-08-21,1201,Fiction Book,Books,5,1209,6045
3275,2024-04-19,131,Comics,Books,2,390,780
3276,2024-05-04,875,Science Book,Books,2,1995,3990
3277,2024-02-06,996,Fiction Book,Books,2,104,208
3278,2024-05-15,1167,Yoga Mat,Sports,2,608,1216
3279,2024-07-23,1327,Tennis Racket,Sports,5,419,2095
3280,2024-06-22,1150,Smartwatch,Electronics,2,1565,3130
3281,2024-06-20,309,Cricket Bat,Sports,1,889,889
3282,2024-10-07,1466,Dress,Clothing,1,1238,1238
3283,2024-07-19,1337,Science Book,Books,3,1139,3417
3284,2024-05-22,975,Lamp,Home & Garden,2,709,1418
3285,2024-12-19,349,Dumbbells,Sports,5,1610,8050
3286,2024-09-23,124,Jeans,Clothing,1,1477,1477
3287,2024-10-22,1315,Comics,Books,4,525,2100
3288,2024-01-14,1144,Jacket,Clothing,1,1078,1078
3289,2024-08-17,586,Biography,Books,3,406,1218
3290,2024-06-24,405,History Book,Books,4,52,208
3291,2024-03-10,948,Mixer,Home & Garden,1,156,156
3292,2024-03-30,1222,Cookware,Home & Garden,5,483,2415
3293,2024-07-04,1049,Biography,Books,5,1686,8430
3294,2024-10-12,587,Yoga Mat,Sports,2,716,1432
3295,2024-03-15,570,Cookware,Home & Garden,2,1668,3336
3296,2024-12-29,613,Tennis Racket,Sports,1,586,586
3297,2024-10-05,588,Science Book,Books,2,1218,2436
3298,2024-12-17,419,Shoes,Clothing,4,980,3920
3299,2024-03-29,1196,Football,Sports,4,1584,6336
3300,2024-07-12,785,History Book,Books,3,1752,5256
3301,2024-06-15,1454,Lamp,Home & Garden,4,669,2676
3302,2024-01-12,1329,Tablet,Electronics,5,1854,9270
3303,2024-06-14,1412,Shoes,Clothing,1,803,803
3304,2024-09-15,983,Science Book,Books,1,1092,1092
3305,2024-09-25,1150,Headphones,Electronics,4,1838,7352
3306,2024-05-01,185,Laptop,Electronics,3,1894,5682
3307,2024-08-05,601,Headphones,Electronics,1,1187,1187
3308,2024-07-01,241,Smartwatch,Electronics,5,567,2835
3309,2024-01-07,529,Comics,Books,5,1959,9795
3310,2024-04-19,1304,Shoes,Clothing,5,139,695
3311,2024-11-11,618,Headphones,Electronics,5,728,3640
3312,2024-12-29,1249,Dress,Clothing,1,772,772
3313,2024-06-27,1464,Tablet,Electronics,2,1127,2254
3314,2024-07-10,1223,Fiction Book,Books,4,1047,4188
3315,2024-10-15,155,Jeans,Clothing,3,1360,4080
3316,2024-01-13,627,T-Shirt,Clothing,1,1368,1368
3317,2024-01-08,657,History Book,Books,4,51,204
3318,2024-01-02,773,Lamp,Home & Garden,2,1305,2610
3319,2024-05-30,478,Jacket,Clothing,5,160,800
3320,2024-05-23,63,Shoes,Clothing,2,1521,3042
3321,2024-08-17,146,Dumbbells,Sports,4,643,2572
3322,2024-01-27,275,Mobile,Electronics,5,711,3555
3323,2024-06-02,406,Lamp,Home & Garden,5,1521,7605
3324,2024-10-09,1497,Yoga Mat,Sports,3,1593,4779
3325,2024-08-07,191,History Book,Books,5,1236,6180
3326,2024-09-17,658,Laptop,Electronics,1,479,479
3327,2024-10-20,355,Tablet,Electronics,1,925,925
3328,2024-10-21,588,Sofa,Home & Garden,2,1423,2846
3329,2024-06-05,867,Yoga Mat,Sports,5,371,1855
3330,2024-05-08,222,Mixer,Home & Garden,1,287,287
3331,2024-02-06,965,Tennis Racket,Sports,5,989,4945
3332,2024-05-28,988,Comics,Books,1,1333,1333
3333,2024-11-14,803,Science Book,Books,1,1961,1961
3334,2024-12-23,191,Comics,Books,3,594,1782
3335,2024-06-28,179,Cookware,Home & Garden,1,1799,1799
3336,2024-05-14,991,T-Shirt,Clothing,4,1993,7972
3337,2024-07-15,1454,Comics,Books,1,1579,1579
3338,2024-08-25,1415,Laptop,Electronics,3,46,138
3339,2024-11-06,1401,History Book,Books,4,1035,4140
3340,2024-07-11,916,Shoes,Clothing,1,194,194
3341,2024-01-02,1327,Tennis Racket,Sports,5,1869,9345
3342,2024-01-08,825,Jeans,Clothing,5,1142,5710
3343,2024-11-05,874,Mobile,Electronics,3,1268,3804
3344,2024-11-05,1427,Cookware,Home & Garden,1,486,486
3345,2024-06-12,1478,Lamp,Home & Garden,3,317,951
3346,2024-08-28,146,Tennis Racket,Sports,2,1444,2888
3347,2024-05-30,651,Tablet,Electronics,2,1220,2440
3348,2024-03-05,1420,Dumbbells,Sports,1,1310,1310
3349,2024-02-06,966,Dress,Clothing,3,1981,5943
3350,2024-10-29,713,Biography,Books,5,1036,5180
3351,2024-02-21,178,Fiction Book,Books,1,1917,1917
3352,2024-05-29,1103,Fiction Book,Books,2,117,234
3353,2024-08-18,782,Jacket,Clothing,1,1461,1461
3354,2024-07-25,1081,Dress,Clothing,4,1154,4616
3355,2024-09-25,1340,Dress,Clothing,2,1575,3150
3356,2024-02-06,394,Sofa,Home & Garden,2,627,1254
3357,2024-07-03,915,Science Book,Books,3,368,1104
3358,2024-07-08,991,Jacket,Clothing,4,83,332
3359,2024-12-19,176,Tablet,Electronics,4,1494,5976
3360,2024-01-02,741,Tablet,Electronics,3,427,1281
3361,2024-10-08,1473,Jeans,Clothing,1,1105,1105
3362,2024-04-09,417,Smartwatch,Electronics,2,183,366
3363,2024-07-01,1059,Comics,Books,4,1504,6016
3364,2024-10-19,675,Science Book,Books,4,552,2208
3365,2024-01-31,53,Comics,Books,5,591,2955
3366,2024-05-29,644,Cricket Bat,Sports,3,1117,3351
3367,2024-05-09,1311,Biography,Books,5,985,4925
3368,2024-12-31,1017,Sofa,Home & Garden,5,351,1755
3369,2024-02-24,1334,Comics,Books,4,1345,5380
3370,2024-11-26,928,Cookware,Home & Garden,3,775,2325
3371,2024-05-01,371,Sofa,Home & Garden,3,1100,3300
3372,2024-06-08,94,History Book,Books,5,1162,5810
3373,2024-12-20,886,Jeans,Clothing,2,850,1700
3374,2024-02-08,349,Tablet,Electronics,4,1253,5012
3375,2024-07-24,18,Laptop,Electronics,2,540,1080
3376,2024-10-19,345,Headphones,Electronics,5,471,2355
3377,2024-09-10,912,History Book,Books,2,1055,2110
3378,2024-09-17,234,Comics,Books,2,52,104
3379,2024-09-09,428,Fiction Book,Books,1,1697,1697
3380,2024-09-02,939,Biography,Books,3,1946,5838
3381,2024-01-29,741,Jacket,Clothing,4,901,3604
3382,2024-01-29,371,Dumbbells,Sports,5,604,3020
3383,2024-07-12,756,Mixer,Home & Garden,3,1225,3675
3384,2024-04-08,671,Laptop,Electronics,3,124,372
3385,2024-08-23,667,Mixer,Home & Garden,2,1953,3906
3386,2024-12-01,487,T-Shirt,Clothing,4,1155,4620
3387,2024-09-06,1203,Comics,Books,4,208,832
3388,2024-02-24,879,Dress,Clothing,1,947,947
3389,2024-03-11,1019,Football,Sports,1,1404,1404
3390,2024-03-15,203,Sofa,Home & Garden,1,381,381
3391,2024-08-14,193,Mobile,Electronics,3,1189,3567
3392,2024-05-05,986,Jacket,Clothing,5,1001,5005
3393,2024-10-07,1023,Cricket Bat,Sports,2,771,1542
3394,2024-01-11,756,Mixer,Home & Garden,4,330,1320
3395,2024-12-23,844,Headphones,Electronics,1,1474,1474
3396,2024-07-01,1418,Tablet,Electronics,5,1315,6575
3397,2024-02-13,725,Jacket,Clothing,4,1927,7708
3398,2024-07-04,866,Laptop,Electronics,4,667,2668
3399,2024-12-21,966,Mobile,Electronics,3,400,1200
3400,2024-03-05,921,Shoes,Clothing,5,1283,6415
3401,2024-04-11,71,Comics,Books,2,532,1064
3402,2024-07-31,845,Jeans,Clothing,2,159,318
3403,2024-09-15,207,History Book,Books,1,146,146
3404,2024-03-16,1030,Headphones,Electronics,2,80,160
3405,2024-07-09,3,Tennis Racket,Sports,3,493,1479
3406,2024-12-20,890,Cricket Bat,Sports,3,1472,4416
3407,2024-05-10,1313,Yoga Mat,Sports,2,1241,2482
3408,2024-06-17,223,T-Shirt,Clothing,2,445,890
3409,2024-12-14,239,Yoga Mat,Sports,2,1873,3746
3410,2024-08-09,44,Smartwatch,Electronics,2,1924,3848
3411,2024-01-11,538,Lamp,Home & Garden,1,864,864
3412,2024-06-10,1312,Shoes,Clothing,5,1078,5390
3413,2024-07-05,1442,Science Book,Books,5,633,3165
3414,2024-10-02,1169,Cookware,Home & Garden,2,412,824
3415,2024-11-19,905,Cookware,Home & Garden,1,1044,1044
3416,2024-10-05,1099,Sofa,Home & Garden,3,1585,4755
3417,2024-10-04,660,Science Book,Books,4,1039,4156
3418,2024-12-09,1411,Cookware,Home & Garden,4,755,3020
3419,2024-11-30,352,Tennis Racket,Sports,2,970,1940
3420,2024-04-04,788,Biography,Books,2,1448,2896
3421,2024-05-11,717,Smartwatch,Electronics,3,1106,3318
3422,2024-11-05,298,Mobile,Electronics,1,150,150
3423,2024-03-07,553,Biography,Books,2,1839,3678
3424,2024-09-13,546,Football,Sports,4,160,640
3425,2024-03-09,473,Chair,Home & Garden,3,1180,3540
3426,2024-08-17,1274,Fiction Book,Books,2,288,576
3427,2024-03-13,561,Jeans,Clothing,3,1362,4086
3428,2024-04-12,1277,Fiction Book,Books,1,801,801
3429,2024-12-06,219,History Book,Books,3,1033,3099
3430,2024-12-10,1012,Jeans,Clothing,3,1180,3540
3431,2024-02-20,227,Yoga Mat,Sports,4,1405,5620
3432,2024-02-29,563,Chair,Home & Garden,1,142,142
3433,2024-01-03,1238,Mobile,Electronics,2,952,1904
3434,2024-08-02,1048,Biography,Books,3,402,1206
3435,2024-09-27,490,Jeans,Clothing,2,1738,3476
3436,2024-05-24,887,Mobile,Electronics,1,96,96
3437,2024-11-11,387,T-Shirt,Clothing,2,1539,3078
3438,2024-10-15,97,Dress,Clothing,3,731,2193
3439,2024-08-15,395,Headphones,Electronics,3,1984,5952
3440,2024-09-26,148,Tennis Racket,Sports,5,1020,5100
3441,2024-08-20,983,Dress,Clothing,1,713,713
3442,2024-08-22,747,T-Shirt,Clothing,1,289,289
3443,2024-07-25,858,Lamp,Home & Garden,4,1607,6428
3444,2024-05-25,712,Jeans,Clothing,1,1515,1515
3445,2024-04-16,164,T-Shirt,Clothing,1,447,447
3446,2024-04-10,734,Chair,Home & Garden,5,1559,7795
3447,2024-04-09,1462,Mobile,Electronics,2,1124,2248
3448,2024-01-29,962,Smartwatch,Electronics,2,427,854
3449,2024-10-20,282,Sofa,Home & Garden,3,1937,5811
3450,2024-03-19,1458,Jacket,Clothing,1,199,199
3451,2024-02-16,1151,T-Shirt,Clothing,4,1291,5164
3452,2024-01-29,355,Chair,Home & Garden,3,644,1932
3453,2024-02-18,429,Comics,Books,2,972,1944
3454,2024-03-21,1004,T-Shirt,Clothing,5,1082,5410
3455,2024-08-26,1344,T-Shirt,Clothing,4,1982,7928
3456,2024-07-18,913,Smartwatch,Electronics,1,902,902
3457,2024-07-26,491,Smartwatch,Electronics,2,471,942
3458,2024-09-06,1004,Dumbbells,Sports,5,1704,8520
3459,2024-03-30,467,Lamp,Home & Garden,3,1932,5796
3460,2024-08-04,221,Dumbbells,Sports,3,809,2427
3461,2024-12-16,432,Cricket Bat,Sports,4,706,2824
3462,2024-03-11,49,Tennis Racket,Sports,3,962,2886
3463,2024-01-16,1223,Smartwatch,Electronics,5,1163,5815
3464,2024-07-10,1170,Jacket,Clothing,2,1473,2946
3465,2024-10-24,47,Cookware,Home & Garden,4,486,1944
3466,2024-06-11,878,Biography,Books,4,1844,7376
3467,2024-03-13,1224,Mobile,Electronics,5,1132,5660
3468,2024-05-06,416,Smartwatch,Electronics,5,235,1175
3469,2024-05-09,1232,Cookware,Home & Garden,2,546,1092
3470,2024-09-25,70,Yoga Mat,Sports,3,678,2034
3471,2024-07-08,1141,Mixer,Home & Garden,5,853,4265
3472,2024-12-23,1316,Chair,Home & Garden,3,128,384
3473,2024-04-07,1189,Shoes,Clothing,3,1247,3741
3474,2024-09-09,800,Tennis Racket,Sports,2,1807,3614
3475,2024-10-17,973,Smartwatch,Electronics,3,251,753
3476,2024-06-12,779,Lamp,Home & Garden,3,1001,3003
3477,2024-12-15,572,Comics,Books,2,498,996
3478,2024-04-28,1055,Jeans,Clothing,2,1269,2538
3479,2024-10-11,47,Jacket,Clothing,4,1729,6916
3480,2024-11-30,1088,Science Book,Books,5,1381,6905
3481,2024-11-28,108,Jacket,Clothing,3,1698,5094
3482,2024-01-26,639,Laptop,Electronics,1,268,268
3483,2024-08-07,1466,Tennis Racket,Sports,3,518,1554
3484,2024-12-20,1242,Football,Sports,3,519,1557
3485,2024-11-17,158,Mixer,Home & Garden,4,996,3984
3486,2024-01-06,468,Jacket,Clothing,1,1010,1010
3487,2024-06-17,1481,Mobile,Electronics,1,432,432
3488,2024-09-27,944,Biography,Books,5,1812,9060
3489,2024-05-15,710,Football,Sports,4,321,1284
3490,2024-11-07,156,T-Shirt,Clothing,2,1232,2464
3491,2024-01-15,697,Tablet,Electronics,3,1282,3846
3492,2024-02-22,547,Mixer,Home & Garden,3,1823,5469
3493,2024-11-24,1092,Biography,Books,2,862,1724
3494,2024-02-05,528,Mobile,Electronics,2,273,546
3495,2024-11-23,369,Mixer,Home & Garden,2,1080,2160
3496,2024-05-03,531,Jacket,Clothing,3,1817,5451
3497,2024-12-13,860,Tennis Racket,Sports,2,453,906
3498,2024-05-03,1407,Sofa,Home & Garden,3,233,699
3499,2024-08-17,965,Dumbbells,Sports,2,680,1360
3500,2024-04-25,1450,Tennis Racket,Sports,4,1674,6696
3501,2024-05-18,130,Mixer,Home & Garden,3,1223,3669
3502,2024-11-06,1323,Smartwatch,Electronics,3,481,1443
3503,2024-09-17,1080,History Book,Books,4,1504,6016
3504,2024-11-23,940,History Book,Books,3,1100,3300
3505,2024-02-26,1432,Mixer,Home & Garden,1,1461,1461
3506,2024-07-31,992,Tennis Racket,Sports,4,1333,5332
3507,2024-08-11,474,Tennis Racket,Sports,1,281,281
3508,2024-02-26,866,Sofa,Home & Garden,5,127,635
3509,2024-06-15,768,Science Book,Books,2,1209,2418
3510,2024-10-25,1201,Dumbbells,Sports,2,1495,2990
3511,2024-12-28,622,Cricket Bat,Sports,2,1946,3892
3512,2024-01-10,121,Yoga Mat,Sports,1,1470,1470
3513,2024-09-10,380,T-Shirt,Clothing,1,415,415
3514,2024-08-13,908,Dress,Clothing,1,1471,1471
3515,2024-05-24,1402,Tablet,Electronics,5,1791,8955
3516,2024-01-01,1390,Football,Sports,5,741,3705
3517,2024-05-24,1048,Tennis Racket,Sports,3,320,960
3518,2024-01-28,829,History Book,Books,4,49,196
3519,2024-03-27,1018,Science Book,Books,4,1591,6364
3520,2024-02-19,1005,Football,Sports,2,1868,3736
3521,2024-03-14,1249,History Book,Books,3,1972,5916
3522,2024-01-19,114,Headphones,Electronics,2,947,1894
3523,2024-06-23,260,Comics,Books,2,1936,3872
3524,2024-04-16,193,Fiction Book,Books,5,404,2020
3525,2024-04-12,1065,Biography,Books,4,205,820
3526,2024-05-18,1282,Yoga Mat,Sports,2,1439,2878
3527,2024-09-30,793,Chair,Home & Garden,1,272,272
3528,2024-04-12,731,Fiction Book,Books,5,361,1805
3529,2024-08-17,290,Jeans,Clothing,3,978,2934
3530,2024-04-06,1391,Cookware,Home & Garden,2,474,948
3531,2024-08-30,1291,Lamp,Home & Garden,5,693,3465
3532,2024-03-06,118,Yoga Mat,Sports,2,1810,3620
3533,2024-05-17,1488,Jeans,Clothing,2,731,1462
3534,2024-08-28,372,Tennis Racket,Sports,2,1227,2454
3535,2024-04-09,336,Headphones,Electronics,2,980,1960
3536,2024-06-13,325,Lamp,Home & Garden,4,1291,5164
3537,2024-12-17,597,Lamp,Home & Garden,1,716,716
3538,2024-05-16,1121,Biography,Books,4,1231,4924
3539,2024-02-03,1104,Tennis Racket,Sports,2,1903,3806
3540,2024-04-28,232,History Book,Books,1,1881,1881
3541,2024-10-05,541,Mixer,Home & Garden,1,91,91
3542,2024-05-22,1122,Shoes,Clothing,4,1614,6456
3543,2024-12-10,278,Mobile,Electronics,4,1437,5748
3544,2024-02-07,1182,Dress,Clothing,3,1617,4851
3545,2024-03-17,233,Biography,Books,1,706,706
3546,2024-02-12,969,Science Book,Books,1,306,306
3547,2024-06-12,89,Fiction Book,Books,1,1661,1661
3548,2024-05-21,1017,Fiction Book,Books,3,979,2937
3549,2024-08-05,1458,Sofa,Home & Garden,5,1634,8170
3550,2024-02-26,1366,Cookware,Home & Garden,2,1628,3256
3551,2024-09-21,15,Science Book,Books,3,635,1905
3552,2024-12-25,88,Dumbbells,Sports,4,627,2508
3553,2024-11-21,584,Comics,Books,2,258,516
3554,2024-01-04,626,Mixer,Home & Garden,2,825,1650
3555,2024-04-02,864,Cricket Bat,Sports,2,838,1676
3556,2024-05-06,1218,History Book,Books,2,1471,2942
3557,2024-01-14,1016,T-Shirt,Clothing,4,1723,6892
3558,2024-02-15,1178,T-Shirt,Clothing,2,1167,2334
3559,2024-12-03,314,T-Shirt,Clothing,5,1132,5660
3560,2024-07-02,521,Comics,Books,1,175,175
3561,2024-07-05,1092,Chair,Home & Garden,3,112,336
3562,2024-12-12,1136,Tennis Racket,Sports,3,710,2130
3563,2024-08-14,1320,Cricket Bat,Sports,3,265,795
3564,2024-11-23,512,Tennis Racket,Sports,3,974,2922
3565,2024-12-15,309,Smartwatch,Electronics,4,979,3916
3566,2024-05-19,1210,Cricket Bat,Sports,3,812,2436
3567,2024-03-09,1495,History Book,Books,3,658,1974
3568,2024-09-04,1031,Chair,Home & Garden,3,1139,3417
3569,2024-01-24,29,Tennis Racket,Sports,3,468,1404
3570,2024-03-04,248,Jacket,Clothing,5,1527,7635
3571,2024-10-05,1273,Laptop,Electronics,5,1332,6660
3572,2024-03-27,917,Jeans,Clothing,3,759,2277
3573,2024-07-30,1139,Cricket Bat,Sports,1,89,89
3574,2024-03-16,805,History Book,Books,1,1876,1876
3575,2024-09-01,762,Lamp,Home & Garden,4,1581,6324
3576,2024-11-22,235,Sofa,Home & Garden,3,993,2979
3577,2024-12-02,1132,T-Shirt,Clothing,4,1398,5592
3578,2024-01-09,492,Smartwatch,Electronics,4,1903,7612
3579,2024-01-10,1307,Mobile,Electronics,5,418,2090
3580,2024-11-29,490,Biography,Books,5,1510,7550
3581,2024-01-12,1199,Chair,Home & Garden,5,1036,5180
3582,2024-04-08,684,Chair,Home & Garden,2,327,654
3583,2024-03-18,508,Biography,Books,3,1533,4599
3584,2024-04-11,150,Headphones,Electronics,5,263,1315
3585,2024-01-06,882,Dress,Clothing,2,247,494
3586,2024-03-11,1100,Comics,Books,2,1893,3786
3587,2024-02-04,283,Chair,Home & Garden,5,83,415
3588,2024-06-30,1009,Headphones,Electronics,4,200,800
3589,2024-03-22,274,Dress,Clothing,1,1840,1840
3590,2024-12-06,351,Laptop,Electronics,3,491,1473
3591,2024-08-30,980,Smartwatch,Electronics,2,599,1198
3592,2024-02-25,555,Chair,Home & Garden,2,1517,3034
3593,2024-05-19,1038,Smartwatch,Electronics,4,589,2356
3594,2024-11-30,383,Biography,Books,4,1375,5500
3595,2024-12-27,546,Shoes,Clothing,5,191,955
3596,2024-10-23,192,Tennis Racket,Sports,5,1684,8420
3597,2024-08-26,1277,Mobile,Electronics,3,1095,3285
3598,2024-08-03,454,Football,Sports,3,574,1722
3599,2024-10-06,1132,Lamp,Home & Garden,4,516,2064
3600,2024-08-13,989,Dumbbells,Sports,4,1653,6612
3601,2024-08-15,884,Chair,Home & Garden,3,1871,5613
3602,2024-09-07,1227,Mixer,Home & Garden,5,511,2555
3603,2024-08-01,421,Lamp,Home & Garden,4,983,3932
3604,2024-04-16,700,Cookware,Home & Garden,1,255,255
3605,2024-01-22,1379,Fiction Book,Books,5,784,3920
3606,2024-11-04,1447,Mobile,Electronics,3,558,1674
3607,2024-04-06,928,Laptop,Electronics,5,556,2780
3608,2024-09-07,762,Yoga Mat,Sports,5,1201,6005
3609,2024-09-14,1286,Mixer,Home & Garden,4,1175,4700
3610,2024-11-05,1272,Cricket Bat,Sports,2,421,842
3611,2024-03-24,1100,Jacket,Clothing,2,851,1702
3612,2024-09-02,856,Laptop,Electronics,2,236,472
3613,2024-11-13,1220,Sofa,Home & Garden,1,1011,1011
3614,2024-03-28,1000,Tennis Racket,Sports,2,90,180
3615,2024-05-10,225,Lamp,Home & Garden,4,1807,7228
3616,2024-02-22,598,Yoga Mat,Sports,2,182,364
3617,2024-10-17,1194,Fiction Book,Books,5,544,2720
3618,2024-10-03,638,Smartwatch,Electronics,3,776,2328
3619,2024-02-16,63,Lamp,Home & Garden,1,1236,1236
3620,2024-02-21,733,Jacket,Clothing,2,167,334
3621,2024-05-10,114,Lamp,Home & Garden,3,1049,3147
3622,2024-12-19,1071,Dumbbells,Sports,5,31,155
3623,2024-12-29,89,Cookware,Home & Garden,3,992,2976
3624,2024-03-25,880,Lamp,Home & Garden,4,867,3468
3625,2024-05-19,1225,Tablet,Electronics,3,1750,5250
3626,2024-12-17,1427,Jacket,Clothing,2,321,642
3627,2024-07-29,1062,Cricket Bat,Sports,5,425,2125
3628,2024-07-16,76,Headphones,Electronics,5,1621,8105
3629,2024-05-11,860,Laptop,Electronics,3,1121,3363
3630,2024-10-19,1082,Dress,Clothing,1,1209,1209
3631,2024-04-09,1058,Yoga Mat,Sports,2,1362,2724
3632,2024-10-21,1046,Biography,Books,3,502,1506
3633,2024-12-13,442,Cricket Bat,Sports,3,1024,3072
3634,2024-06-06,521,History Book,Books,3,718,2154
3635,2024-08-15,91,Fiction Book,Books,1,1129,1129
3636,2024-12-07,1304,Dress,Clothing,4,291,1164
3637,2024-04-29,917,Fiction Book,Books,3,1532,4596
3638,2024-11-19,1315,T-Shirt,Clothing,1,1127,1127
3639,2024-01-26,757,Chair,Home & Garden,3,1420,4260
3640,2024-10-11,859,Fiction Book,Books,2,1253,2506
3641,2024-07-15,188,Tablet,Electronics,5,134,670
3642,2024-05-17,1428,T-Shirt,Clothing,3,1712,5136
3643,2024-06-20,168,Sofa,Home & Garden,3,1377,4131
3644,2024-03-09,930,Laptop,Electronics,4,1726,6904
3645,2024-06-23,1484,Smartwatch,Electronics,3,43,129
3646,2024-09-16,169,Cookware,Home & Garden,2,599,1198
3647,2024-01-30,1102,Cricket Bat,Sports,2,1836,3672
3648,2024-03-12,819,Football,Sports,2,975,1950
3649,2024-02-08,944,Dumbbells,Sports,4,518,2072
3650,2024-01-25,652,Science Book,Books,3,1161,3483
3651,2024-10-08,1358,Mixer,Home & Garden,5,643,3215
3652,2024-11-25,655,Biography,Books,1,1545,1545
3653,2024-11-10,675,Lamp,Home & Garden,1,600,600
3654,2024-11-11,164,Jeans,Clothing,1,357,357
3655,2024-10-14,1472,Dumbbells,Sports,2,1473,2946
3656,2024-08-27,788,Dress,Clothing,1,151,151
3657,2024-03-16,159,Shoes,Clothing,1,254,254
3658,2024-04-02,204,History Book,Books,2,1889,3778
3659,2024-04-06,713,Cookware,Home & Garden,5,1424,7120
3660,2024-08-21,955,Dumbbells,Sports,3,810,2430
3661,2024-09-14,1287,Yoga Mat,Sports,2,1041,2082
3662,2024-11-28,484,Tennis Racket,Sports,4,1123,4492
3663,2024-01-12,628,History Book,Books,2,1991,3982
3664,2024-03-14,902,Cricket Bat,Sports,3,1666,4998
3665,2024-09-22,889,Comics,Books,3,1073,3219
3666,2024-02-17,1110,Football,Sports,3,870,2610
3667,2024-12-22,1019,Dumbbells,Sports,2,1868,3736
3668,2024-10-07,976,Fiction Book,Books,4,1008,4032
3669,2024-11-10,1151,Smartwatch,Electronics,3,196,588
3670,2024-01-03,861,Comics,Books,4,1216,4864
3671,2024-01-19,551,Cricket Bat,Sports,4,322,1288
3672,2024-02-07,1096,Yoga Mat,Sports,1,100,100
3673,2024-08-01,1320,Dumbbells,Sports,3,1465,4395
3674,2024-02-14,777,Smartwatch,Electronics,4,568,2272
3675,2024-11-06,447,Fiction Book,Books,5,1830,9150
3676,2024-08-14,1009,Dumbbells,Sports,2,821,1642
3677,2024-03-03,1316,Tennis Racket,Sports,4,1731,6924
3678,2024-12-09,494,Mixer,Home & Garden,1,934,934
3679,2024-04-27,169,Cricket Bat,Sports,1,463,463
3680,2024-08-25,963,History Book,Books,1,1463,1463
3681,2024-11-26,720,History Book,Books,3,929,2787
3682,2024-01-25,881,Fiction Book,Books,4,771,3084
3683,2024-02-16,844,Chair,Home & Garden,1,1221,1221
3684,2024-08-11,763,Sofa,Home & Garden,1,38,38
3685,2024-02-27,801,History Book,Books,2,813,1626
3686,2024-10-26,371,Headphones,Electronics,2,1079,2158
3687,2024-07-20,421,Tablet,Electronics,2,1856,3712
3688,2024-08-02,171,Jeans,Clothing,1,1857,1857
3689,2024-04-22,1457,Sofa,Home & Garden,4,1359,5436
3690,2024-06-27,923,Headphones,Electronics,4,1927,7708
3691,2024-05-14,133,Dumbbells,Sports,4,593,2372
3692,2024-05-20,948,Smartwatch,Electronics,5,982,4910
3693,2024-05-22,359,Smartwatch,Electronics,1,1533,1533
3694,2024-09-08,1016,Headphones,Electronics,4,1892,7568
3695,2024-12-05,261,T-Shirt,Clothing,5,1382,6910
3696,2024-09-24,1485,Dress,Clothing,2,1314,2628
3697,2024-11-02,592,Smartwatch,Electronics,1,806,806
3698,2024-01-02,1113,Football,Sports,3,1764,5292
3699,2024-05-25,320,Mobile,Electronics,1,1957,1957
3700,2024-08-01,172,Jeans,Clothing,4,538,2152
3701,2024-04-15,1380,Dress,Clothing,3,1317,3951
3702,2024-11-28,1242,Smartwatch,Electronics,4,434,1736
3703,2024-01-12,601,Yoga Mat,Sports,2,1091,2182
3704,2024-05-19,1262,Fiction Book,Books,1,1036,1036
3705,2024-11-13,327,Smartwatch,Electronics,4,1207,4828
3706,2024-04-10,1422,Yoga Mat,Sports,1,1421,1421
3707,2024-12-13,300,Mobile,Electronics,5,511,2555
3708,2024-06-08,1357,Chair,Home & Garden,5,302,1510
3709,2024-05-26,359,Biography,Books,4,1242,4968
3710,2024-05-28,366,Shoes,Clothing,5,1862,9310
3711,2024-06-15,675,Science Book,Books,4,1014,4056
3712,2024-01-21,1238,Laptop,Electronics,4,1663,6652
3713,2024-08-04,1495,Cricket Bat,Sports,3,886,2658
3714,2024-02-23,1478,Headphones,Electronics,2,1825,3650
3715,2024-01-22,508,Football,Sports,3,1939,5817
3716,2024-02-11,967,Comics,Books,3,251,753
3717,2024-04-20,299,Jacket,Clothing,2,1069,2138
3718,2024-01-05,738,Science Book,Books,4,1755,7020
3719,2024-07-30,251,Sofa,Home & Garden,2,1813,3626
3720,2024-12-01,1112,Jacket,Clothing,4,1120,4480
3721,2024-08-27,302,Lamp,Home & Garden,5,331,1655
3722,2024-02-23,772,Chair,Home & Garden,1,299,299
3723,2024-03-25,829,Science Book,Books,3,62,186
3724,2024-09-22,508,Fiction Book,Books,2,1695,3390
3725,2024-08-06,1393,T-Shirt,Clothing,4,1167,4668
3726,2024-10-24,898,Science Book,Books,4,1508,6032
3727,2024-03-15,879,Shoes,Clothing,1,1830,1830
3728,2024-04-25,919,Chair,Home & Garden,3,2000,6000
3729,2024-10-11,957,Lamp,Home & Garden,3,1551,4653
3730,2024-02-03,986,Cookware,Home & Garden,5,1190,5950
3731,2024-12-12,420,Jeans,Clothing,2,45,90
3732,2024-08-07,613,Cookware,Home & Garden,2,1913,3826
3733,2024-04-28,1494,Smartwatch,Electronics,5,741,3705
3734,2024-05-31,154,Science Book,Books,3,909,2727
3735,2024-05-10,694,Dumbbells,Sports,5,1739,8695
3736,2024-02-28,960,Lamp,Home & Garden,2,1562,3124
3737,2024-02-29,751,Jeans,Clothing,1,716,716
3738,2024-12-01,745,Headphones,Electronics,5,567,2835
3739,2024-02-18,942,Comics,Books,5,685,3425
3740,2024-08-06,1455,Chair,Home & Garden,3,245,735
3741,2024-10-21,730,Football,Sports,5,453,2265
3742,2024-02-22,1310,Jeans,Clothing,3,1416,4248
3743,2024-01-21,947,Football,Sports,5,1123,5615
3744,2024-10-13,956,Yoga Mat,Sports,4,590,2360
3745,2024-07-02,163,Tennis Racket,Sports,1,1338,1338
3746,2024-09-25,1332,Jacket,Clothing,3,133,399
3747,2024-07-06,955,Mobile,Electronics,2,399,798
3748,2024-10-16,123,Chair,Home & Garden,5,1440,7200
3749,2024-08-26,937,Smartwatch,Electronics,1,1648,1648
3750,2024-05-22,1345,Comics,Books,4,140,560
3751,2024-06-22,984,History Book,Books,5,417,2085
3752,2024-05-02,1483,Jeans,Clothing,1,1511,1511
3753,2024-11-07,1449,History Book,Books,2,542,1084
3754,2024-05-15,1372,Smartwatch,Electronics,2,1423,2846
3755,2024-05-17,853,Dress,Clothing,1,860,860
3756,2024-12-31,1125,Lamp,Home & Garden,5,1002,5010
3757,2024-10-18,88,Jeans,Clothing,5,175,875
3758,2024-09-26,673,Fiction Book,Books,5,113,565
3759,2024-03-16,773,Yoga Mat,Sports,3,455,1365
3760,2024-07-19,1292,Mixer,Home & Garden,3,1238,3714
3761,2024-09-24,186,Football,Sports,4,1858,7432
3762,2024-12-09,416,T-Shirt,Clothing,5,244,1220
3763,2024-05-06,874,Dumbbells,Sports,1,1299,1299
3764,2024-12-18,264,Cookware,Home & Garden,4,640,2560
3765,2024-08-27,1160,Chair,Home & Garden,1,641,641
3766,2024-11-24,981,Chair,Home & Garden,5,240,1200
3767,2024-02-05,561,Shoes,Clothing,4,897,3588
3768,2024-07-18,1372,Laptop,Electronics,2,846,1692
3769,2024-03-23,226,T-Shirt,Clothing,2,34,68
3770,2024-02-27,730,Jeans,Clothing,2,1817,3634
3771,2024-08-14,1021,Jeans,Clothing,2,466,932
3772,2024-10-22,138,Dress,Clothing,2,954,1908
3773,2024-07-19,360,Comics,Books,1,980,980
3774,2024-04-26,564,Jacket,Clothing,5,1024,5120
3775,2024-03-18,904,Dress,Clothing,4,495,1980
3776,2024-01-08,456,Tennis Racket,Sports,3,1320,3960
3777,2024-10-18,1330,Fiction Book,Books,5,692,3460
3778,2024-10-19,253,Tablet,Electronics,5,1318,6590
3779,2024-09-02,198,Yoga Mat,Sports,1,1375,1375
3780,2024-12-21,276,Yoga Mat,Sports,1,337,337
3781,2024-11-02,1445,Comics,Books,5,1443,7215
3782,2024-09-07,518,Shoes,Clothing,4,725,2900
3783,2024-02-18,941,Tablet,Electronics,2,275,550
3784,2024-02-09,1333,Smartwatch,Electronics,3,533,1599
3785,2024-07-21,523,Fiction Book,Books,4,1200,4800
3786,2024-11-11,592,Headphones,Electronics,1,781,781
3787,2024-12-01,937,Dumbbells,Sports,5,1030,5150
3788,2024-12-02,61,Biography,Books,3,1950,5850
3789,2024-05-22,308,Mobile,Electronics,5,663,3315
3790,2024-03-03,865,Mixer,Home & Garden,2,152,304
3791,2024-02-22,1164,Yoga Mat,Sports,1,1527,1527
3792,2024-09-10,1043,History Book,Books,5,1862,9310
3793,2024-08-02,230,Tablet,Electronics,2,777,1554
3794,2024-11-10,327,Yoga Mat,Sports,4,602,2408
3795,2024-03-31,255,Smartwatch,Electronics,3,1774,5322
3796,2024-07-19,22,Laptop,Electronics,5,1938,9690
3797,2024-10-10,136,Comics,Books,3,471,1413
3798,2024-12-01,1109,Biography,Books,3,1454,4362
3799,2024-12-22,358,Yoga Mat,Sports,3,702,2106
3800,2024-11-28,419,Dress,Clothing,2,607,1214
3801,2024-10-26,510,Cricket Bat,Sports,3,1012,3036
3802,2024-01-18,705,Tennis Racket,Sports,4,1538,6152
3803,2024-02-22,179,Tablet,Electronics,1,1679,1679
3804,2024-04-27,203,Sofa,Home & Garden,1,1996,1996
3805,2024-02-16,1074,Chair,Home & Garden,2,1149,2298
3806,2024-03-26,519,Biography,Books,4,404,1616
3807,2024-07-23,719,Dress,Clothing,3,1937,5811
3808,2024-04-24,478,Smartwatch,Electronics,3,499,1497
3809,2024-08-01,157,Cricket Bat,Sports,3,1719,5157
3810,2024-02-02,890,Smartwatch,Electronics,3,724,2172
3811,2024-02-18,374,Sofa,Home & Garden,2,1002,2004
3812,2024-06-03,765,Yoga Mat,Sports,2,387,774
3813,2024-07-02,375,Fiction Book,Books,4,1727,6908
3814,2024-02-05,1365,Cookware,Home & Garden,4,169,676
3815,2024-07-11,1017,Tablet,Electronics,2,851,1702
3816,2024-05-31,1279,Cricket Bat,Sports,5,1656,8280
3817,2024-04-18,315,Dumbbells,Sports,2,1914,3828
3818,2024-06-07,1308,Smartwatch,Electronics,4,709,2836
3819,2024-09-09,1139,Football,Sports,4,648,2592
3820,2024-12-13,707,Football,Sports,3,1645,4935
3821,2024-07-16,104,Mobile,Electronics,4,1259,5036
3822,2024-02-28,960,Sofa,Home & Garden,1,1166,1166
3823,2024-09-11,1133,T-Shirt,Clothing,4,528,2112
3824,2024-07-18,324,Football,Sports,5,68,340
3825,2024-08-08,1235,Fiction Book,Books,2,782,1564
3826,2024-08-01,64,Lamp,Home & Garden,2,1426,2852
3827,2024-08-04,32,Football,Sports,1,220,220
3828,2024-05-09,638,Mixer,Home & Garden,5,707,3535
3829,2024-11-14,193,Headphones,Electronics,2,568,1136
3830,2024-02-05,636,Dumbbells,Sports,3,642,1926
3831,2024-10-19,981,Comics,Books,2,1546,3092
3832,2024-07-02,1363,Yoga Mat,Sports,3,1926,5778
3833,2024-05-19,977,Jeans,Clothing,4,46,184
3834,2024-07-21,1002,Laptop,Electronics,5,1721,8605
3835,2024-03-08,136,Biography,Books,1,455,455
3836,2024-04-09,96,Shoes,Clothing,4,638,2552
3837,2024-06-30,737,Jacket,Clothing,5,1145,5725
3838,2024-11-03,953,Shoes,Clothing,5,1101,5505
3839,2024-10-29,58,Dumbbells,Sports,2,1494,2988
3840,2024-10-21,83,Yoga Mat,Sports,2,163,326
3841,2024-05-12,322,Dumbbells,Sports,3,738,2214
3842,2024-12-12,913,Tennis Racket,Sports,3,929,2787
3843,2024-10-28,415,Biography,Books,5,860,4300
3844,2024-07-10,977,Smartwatch,Electronics,1,1776,1776
3845,2024-03-08,1320,Shoes,Clothing,1,401,401
3846,2024-09-11,1241,History Book,Books,2,1730,3460
3847,2024-07-31,239,Jeans,Clothing,1,1569,1569
3848,2024-08-04,692,Tennis Racket,Sports,3,1348,4044
3849,2024-01-11,677,Laptop,Electronics,1,1095,1095
3850,2024-04-22,961,Comics,Books,2,56,112
3851,2024-09-16,607,Jeans,Clothing,1,1471,1471
3852,2024-04-08,898,Jacket,Clothing,1,1961,1961
3853,2024-08-07,497,Chair,Home & Garden,4,1920,7680
3854,2024-12-27,972,Chair,Home & Garden,1,1462,1462
3855,2024-12-18,1075,Dress,Clothing,5,547,2735
3856,2024-03-25,179,Laptop,Electronics,3,469,1407
3857,2024-02-12,1313,Headphones,Electronics,3,1781,5343
3858,2024-01-27,1181,Football,Sports,2,864,1728
3859,2024-11-26,186,Sofa,Home & Garden,5,1273,6365
3860,2024-01-07,458,T-Shirt,Clothing,3,264,792
3861,2024-03-04,447,Tablet,Electronics,1,46,46
3862,2024-09-30,139,Tablet,Electronics,1,1918,1918
3863,2024-04-22,954,Laptop,Electronics,5,342,1710
3864,2024-07-22,95,Biography,Books,1,635,635
3865,2024-06-07,405,Fiction Book,Books,2,1083,2166
3866,2024-08-18,193,Jacket,Clothing,2,804,1608
3867,2024-10-31,1063,Shoes,Clothing,2,1195,2390
3868,2024-06-28,1412,Comics,Books,3,1793,5379
3869,2024-10-26,1000,Tennis Racket,Sports,4,101,404
3870,2024-02-15,572,Yoga Mat,Sports,1,1880,1880
3871,2024-07-29,1489,T-Shirt,Clothing,2,1858,3716
3872,2024-05-02,854,Smartwatch,Electronics,5,1358,6790
3873,2024-08-26,1295,Tennis Racket,Sports,4,1236,4944
3874,2024-04-06,676,Mobile,Electronics,3,734,2202
3875,2024-08-14,351,Jeans,Clothing,2,455,910
3876,2024-09-26,994,Smartwatch,Electronics,3,1230,3690
3877,2024-11-01,1252,Lamp,Home & Garden,3,1678,5034
3878,2024-10-28,196,Jeans,Clothing,3,192,576
3879,2024-09-27,1184,Science Book,Books,5,1941,9705
3880,2024-06-26,1204,Science Book,Books,5,1040,5200
3881,2024-02-19,1191,Science Book,Books,1,48,48
3882,2024-10-15,867,T-Shirt,Clothing,2,666,1332
3883,2024-12-26,978,Chair,Home & Garden,2,1766,3532
3884,2024-09-22,885,Science Book,Books,3,1273,3819
3885,2024-02-16,754,Jacket,Clothing,4,707,2828
3886,2024-03-21,64,Laptop,Electronics,4,1304,5216
3887,2024-04-02,1096,History Book,Books,5,41,205
3888,2024-09-26,788,Mixer,Home & Garden,5,1990,9950
3889,2024-08-23,1079,Yoga Mat,Sports,5,1728,8640
3890,2024-09-05,115,Cricket Bat,Sports,1,1063,1063
3891,2024-11-20,817,Chair,Home & Garden,2,671,1342
3892,2024-09-20,1379,Fiction Book,Books,2,1823,3646
3893,2024-11-25,24,Biography,Books,5,1940,9700
3894,2024-04-23,1186,T-Shirt,Clothing,2,50,100
3895,2024-09-22,634,Biography,Books,4,877,3508
3896,2024-11-04,438,Lamp,Home & Garden,2,1314,2628
3897,2024-07-11,1311,Jacket,Clothing,1,1884,1884
3898,2024-05-05,415,T-Shirt,Clothing,1,275,275
3899,2024-11-15,801,Mixer,Home & Garden,4,748,2992
3900,2024-10-30,248,Headphones,Electronics,5,205,1025
3901,2024-02-23,1111,Football,Sports,5,1259,6295
3902,2024-09-11,825,Jacket,Clothing,5,622,3110
3903,2024-06-10,159,Tablet,Electronics,4,892,3568
3904,2024-03-14,281,T-Shirt,Clothing,1,368,368
3905,2024-05-06,341,Science Book,Books,2,1065,2130
3906,2024-04-28,1329,Science Book,Books,3,1598,4794
3907,2024-03-20,995,Jeans,Clothing,5,540,2700
3908,2024-10-12,919,Cookware,Home & Garden,4,303,1212
3909,2024-06-25,1084,Headphones,Electronics,4,1603,6412
3910,2024-12-11,567,Dress,Clothing,4,588,2352
3911,2024-04-17,1498,Laptop,Electronics,3,1364,4092
3912,2024-06-26,1082,Jeans,Clothing,4,1479,5916
3913,2024-04-26,1371,Tennis Racket,Sports,5,955,4775
3914,2024-07-17,440,Mixer,Home & Garden,5,1328,6640
3915,2024-06-03,213,Laptop,Electronics,4,553,2212
3916,2024-11-13,1070,Football,Sports,1,1599,1599
3917,2024-12-17,622,Mobile,Electronics,3,29,87
3918,2024-09-21,533,Jeans,Clothing,3,1742,5226
3919,2024-09-26,1485,Mobile,Electronics,5,1819,9095
3920,2024-02-25,976,T-Shirt,Clothing,2,362,724
3921,2024-11-30,180,Laptop,Electronics,4,710,2840
3922,2024-06-25,1293,Mobile,Electronics,4,212,848
3923,2024-12-20,109,Football,Sports,1,1182,1182
3924,2024-04-19,1424,T-Shirt,Clothing,3,336,1008
3925,2024-11-19,1373,Jacket,Clothing,3,1549,4647
3926,2024-07-11,733,Biography,Books,3,1634,4902
3927,2024-05-22,1063,Headphones,Electronics,5,1060,5300
3928,2024-10-04,17,Fiction Book,Books,4,912,3648
3929,2024-11-21,95,Shoes,Clothing,4,501,2004
3930,2024-05-26,1221,Dumbbells,Sports,2,1366,2732
3931,2024-12-15,804,Dumbbells,Sports,4,580,2320
3932,2024-01-17,1211,Dumbbells,Sports,1,1330,1330
3933,2024-07-03,74,Laptop,Electronics,4,1218,4872
3934,2024-05-16,744,Shoes,Clothing,5,1682,8410
3935,2024-10-21,1318,History Book,Books,4,218,872
3936,2024-07-28,1306,Fiction Book,Books,4,791,3164
3937,2024-06-12,459,Shoes,Clothing,4,1183,4732
3938,2024-11-20,123,Lamp,Home & Garden,4,400,1600
3939,2024-06-14,1182,Chair,Home & Garden,5,1926,9630
3940,2024-03-14,1019,Chair,Home & Garden,4,1350,5400
3941,2024-05-11,678,Dumbbells,Sports,2,415,830
3942,2024-08-18,16,Jacket,Clothing,3,577,1731
3943,2024-02-08,1142,Cookware,Home & Garden,1,28,28
3944,2024-05-20,952,Dress,Clothing,3,936,2808
3945,2024-09-09,148,Biography,Books,2,153,306
3946,2024-07-07,446,Football,Sports,4,149,596
3947,2024-12-04,1282,Headphones,Electronics,2,829,1658
3948,2024-01-25,1441,Jacket,Clothing,5,1810,9050
3949,2024-10-18,544,Smartwatch,Electronics,3,488,1464
3950,2024-10-27,145,Comics,Books,4,591,2364
3951,2024-03-12,225,Tablet,Electronics,5,637,3185
3952,2024-09-29,1432,Mobile,Electronics,1,1857,1857
3953,2024-04-27,564,Dumbbells,Sports,2,810,1620
3954,2024-04-06,588,Sofa,Home & Garden,1,983,983
3955,2024-01-13,929,Football,Sports,4,1348,5392
3956,2024-11-12,348,Yoga Mat,Sports,2,1328,2656
3957,2024-04-22,161,Sofa,Home & Garden,5,1697,8485
3958,2024-02-07,51,Shoes,Clothing,3,176,528
3959,2024-11-11,301,Dumbbells,Sports,4,1799,7196
3960,2024-09-05,1231,Cookware,Home & Garden,2,1066,2132
3961,2024-05-08,675,T-Shirt,Clothing,4,336,1344
3962,2024-08-28,801,Laptop,Electronics,2,729,1458
3963,2024-11-16,1323,Sofa,Home & Garden,1,1911,1911
3964,2024-07-23,293,Dumbbells,Sports,3,674,2022
3965,2024-02-23,1379,Smartwatch,Electronics,1,1561,1561
3966,2024-09-14,73,Jeans,Clothing,1,1988,1988
3967,2024-10-27,851,Comics,Books,5,1138,5690
3968,2024-04-07,596,Chair,Home & Garden,2,862,1724
3969,2024-09-27,355,Sofa,Home & Garden,2,150,300
3970,2024-03-16,259,Jacket,Clothing,2,944,1888
3971,2024-01-06,116,Yoga Mat,Sports,1,1553,1553
3972,2024-05-11,433,History Book,Books,1,759,759
3973,2024-06-12,445,Yoga Mat,Sports,1,833,833
3974,2024-01-13,1174,Cookware,Home & Garden,3,261,783
3975,2024-10-18,578,Science Book,Books,5,350,1750
3976,2024-03-25,1005,Jeans,Clothing,1,312,312
3977,2024-07-27,1197,Jacket,Clothing,2,1690,3380
3978,2024-07-12,53,Cookware,Home & Garden,3,500,1500
3979,2024-08-25,1375,Mobile,Electronics,5,576,2880
3980,2024-08-29,1382,Football,Sports,1,1569,1569
3981,2024-09-14,63,Football,Sports,1,1209,1209
3982,2024-08-20,122,Lamp,Home & Garden,2,372,744
3983,2024-01-05,1472,Dumbbells,Sports,3,1663,4989
3984,2024-04-01,835,Laptop,Electronics,5,400,2000
3985,2024-05-24,1108,Mixer,Home & Garden,4,844,3376
3986,2024-11-04,834,Cricket Bat,Sports,2,727,1454
3987,2024-06-29,151,Smartwatch,Electronics,5,1787,8935
3988,2024-08-29,1072,Chair,Home & Garden,1,371,371
3989,2024-01-01,1039,Cookware,Home & Garden,3,328,984
3990,2024-10-28,223,Tennis Racket,Sports,3,395,1185
3991,2024-04-13,375,T-Shirt,Clothing,1,946,946
3992,2024-05-13,1107,Smartwatch,Electronics,2,396,792
3993,2024-08-31,596,Dress,Clothing,5,1973,9865
3994,2024-10-20,398,Fiction Book,Books,1,1396,1396
3995,2024-01-18,464,Mixer,Home & Garden,1,697,697
3996,2024-01-04,1193,Yoga Mat,Sports,5,1365,6825
3997,2024-06-15,254,Jeans,Clothing,2,364,728
3998,2024-06-26,937,T-Shirt,Clothing,5,945,4725
3999,2024-08-05,558,Football,Sports,5,946,4730
4000,2024-12-07,116,Tennis Racket,Sports,2,1969,3938
4001,2024-07-13,573,History Book,Books,5,1953,9765
4002,2024-12-24,1337,Dress,Clothing,4,463,1852
4003,2024-04-04,586,Jacket,Clothing,5,1004,5020
4004,2024-07-27,1046,Biography,Books,5,1712,8560
4005,2024-12-21,926,Biography,Books,1,936,936
4006,2024-07-22,769,Fiction Book,Books,1,61,61
4007,2024-04-23,224,Cookware,Home & Garden,1,969,969
4008,2024-05-07,100,Mobile,Electronics,4,1294,5176
4009,2024-07-27,1021,Dumbbells,Sports,4,1757,7028
4010,2024-09-03,1295,Biography,Books,5,1920,9600
4011,2024-03-23,718,Headphones,Electronics,2,850,1700
4012,2024-02-27,1136,Comics,Books,5,1873,9365
4013,2024-12-06,269,Cookware,Home & Garden,5,471,2355
4014,2024-09-17,290,Biography,Books,1,80,80
4015,2024-05-14,830,Lamp,Home & Garden,2,188,376
4016,2024-04-17,1273,Smartwatch,Electronics,4,104,416
4017,2024-08-05,268,Football,Sports,2,1595,3190
4018,2024-09-16,599,Cookware,Home & Garden,1,1994,1994
4019,2024-06-01,265,Biography,Books,1,574,574
4020,2024-01-30,1499,Cookware,Home & Garden,1,1532,1532
4021,2024-03-24,687,Smartwatch,Electronics,2,374,748
4022,2024-05-24,1417,Cricket Bat,Sports,5,962,4810
4023,2024-01-07,712,Biography,Books,1,718,718
4024,2024-01-22,488,Comics,Books,3,759,2277
4025,2024-09-03,1322,Cookware,Home & Garden,3,585,1755
4026,2024-05-03,647,Tablet,Electronics,2,626,1252
4027,2024-02-07,801,Chair,Home & Garden,4,952,3808
4028,2024-12-20,235,Sofa,Home & Garden,2,1880,3760
4029,2024-06-03,37,Fiction Book,Books,2,1261,2522
4030,2024-01-10,930,Mixer,Home & Garden,4,343,1372
4031,2024-08-07,1472,Biography,Books,4,194,776
4032,2024-09-27,38,Headphones,Electronics,2,907,1814
4033,2024-06-18,460,Chair,Home & Garden,1,1887,1887
4034,2024-11-07,812,Lamp,Home & Garden,2,639,1278
4035,2024-10-18,400,Comics,Books,5,1397,6985
4036,2024-09-12,120,Mixer,Home & Garden,1,957,957
4037,2024-03-11,595,Headphones,Electronics,2,698,1396
4038,2024-11-12,140,Cookware,Home & Garden,3,1878,5634
4039,2024-04-19,1081,Jeans,Clothing,1,102,102
4040,2024-01-09,999,Sofa,Home & Garden,4,1635,6540
4041,2024-09-25,548,Laptop,Electronics,4,1986,7944
4042,2024-04-05,1,Dumbbells,Sports,1,1755,1755
4043,2024-07-01,1376,History Book,Books,4,1985,7940
4044,2024-02-15,1279,Dress,Clothing,2,1752,3504
4045,2024-01-10,974,History Book,Books,4,682,2728
4046,2024-05-21,987,Yoga Mat,Sports,1,1228,1228
4047,2024-01-04,1221,Jacket,Clothing,5,997,4985
4048,2024-08-16,396,Yoga Mat,Sports,4,1510,6040
4049,2024-05-02,666,Sofa,Home & Garden,4,1888,7552
4050,2024-09-13,1081,Mobile,Electronics,5,1476,7380
4051,2024-10-12,1018,Headphones,Electronics,2,1789,3578
4052,2024-02-18,1475,Mixer,Home & Garden,4,1798,7192
4053,2024-09-03,908,Science Book,Books,3,951,2853
4054,2024-07-31,724,Football,Sports,1,1122,1122
4055,2024-04-23,573,Comics,Books,4,1378,5512
4056,2024-07-10,975,Science Book,Books,5,905,4525
4057,2024-04-08,624,Cricket Bat,Sports,1,80,80
4058,2024-09-24,491,Tennis Racket,Sports,3,447,1341
4059,2024-04-19,1439,Comics,Books,1,1445,1445
4060,2024-01-18,1361,Mobile,Electronics,3,1216,3648
4061,2024-06-18,53,Shoes,Clothing,4,903,3612
4062,2024-12-13,1474,Dumbbells,Sports,5,587,2935
4063,2024-05-31,903,History Book,Books,4,854,3416
4064,2024-11-02,386,Laptop,Electronics,5,1533,7665
4065,2024-10-23,884,Comics,Books,2,817,1634
4066,2024-03-06,1076,Shoes,Clothing,5,577,2885
4067,2024-03-08,1474,History Book,Books,4,969,3876
4068,2024-11-18,98,Fiction Book,Books,2,1023,2046
4069,2024-09-08,1250,Tennis Racket,Sports,5,355,1775
4070,2024-06-25,94,Mixer,Home & Garden,3,1044,3132
4071,2024-07-11,733,History Book,Books,3,1250,3750
4072,2024-06-24,606,Dumbbells,Sports,1,1762,1762
4073,2024-11-29,1238,Dumbbells,Sports,4,1969,7876
4074,2024-03-08,166,Cricket Bat,Sports,2,90,180
4075,2024-03-03,723,Yoga Mat,Sports,1,65,65
4076,2024-03-02,1453,Sofa,Home & Garden,1,1785,1785
4077,2024-10-25,986,Jeans,Clothing,5,1280,6400
4078,2024-07-22,1205,Smartwatch,Electronics,5,1929,9645
4079,2024-11-25,179,Tennis Racket,Sports,4,812,3248
4080,2024-04-28,533,Chair,Home & Garden,3,126,378
4081,2024-02-04,1171,Comics,Books,5,516,2580
4082,2024-06-22,943,T-Shirt,Clothing,5,1847,9235
4083,2024-09-16,185,Cookware,Home & Garden,4,1851,7404
4084,2024-02-20,915,Lamp,Home & Garden,3,967,2901
4085,2024-07-29,1290,Headphones,Electronics,1,303,303
4086,2024-07-18,1210,Football,Sports,2,1400,2800
4087,2024-10-22,877,Tennis Racket,Sports,1,1055,1055
4088,2024-06-24,1065,Jeans,Clothing,2,874,1748
4089,2024-03-31,1406,Cookware,Home & Garden,3,110,330
4090,2024-07-18,326,Dumbbells,Sports,5,1245,6225
4091,2024-06-08,1413,Dress,Clothing,5,375,1875
4092,2024-05-02,844,Smartwatch,Electronics,1,1299,1299
4093,2024-08-19,1097,Sofa,Home & Garden,1,1691,1691
4094,2024-01-03,95,Cricket Bat,Sports,1,964,964
4095,2024-08-13,336,Fiction Book,Books,3,454,1362
4096,2024-07-22,1434,Tennis Racket,Sports,5,832,4160
4097,2024-03-15,437,Chair,Home & Garden,2,1922,3844
4098,2024-04-20,1271,Laptop,Electronics,1,811,811
4099,2024-04-18,121,T-Shirt,Clothing,5,78,390
4100,2024-07-07,422,Shoes,Clothing,5,584,2920
4101,2024-01-13,103,T-Shirt,Clothing,4,1934,7736
4102,2024-09-16,113,Laptop,Electronics,2,1230,2460
4103,2024-07-05,274,T-Shirt,Clothing,5,170,850
4104,2024-12-06,944,Fiction Book,Books,1,1958,1958
4105,2024-07-02,425,History Book,Books,5,1289,6445
4106,2024-02-04,1070,Mobile,Electronics,1,1067,1067
4107,2024-02-29,712,Tennis Racket,Sports,2,1831,3662
4108,2024-09-06,781,Cricket Bat,Sports,2,578,1156
4109,2024-02-29,346,Dumbbells,Sports,2,1194,2388
4110,2024-09-07,379,Tablet,Electronics,4,235,940
4111,2024-04-14,103,Smartwatch,Electronics,4,425,1700
4112,2024-05-21,1302,Mobile,Electronics,2,805,1610
4113,2024-08-30,139,Tennis Racket,Sports,1,796,796
4114,2024-11-03,1416,Football,Sports,5,373,1865
4115,2024-04-14,349,Smartwatch,Electronics,5,227,1135
4116,2024-03-03,203,Football,Sports,5,570,2850
4117,2024-11-23,801,Shoes,Clothing,3,1078,3234
4118,2024-04-30,205,Jacket,Clothing,4,1188,4752
4119,2024-10-16,1470,Comics,Books,1,1460,1460
4120,2024-12-22,1168,Chair,Home & Garden,1,1182,1182
4121,2024-08-06,1269,Football,Sports,3,238,714
4122,2024-05-21,1002,Dumbbells,Sports,2,1345,2690
4123,2024-05-20,958,Science Book,Books,5,1102,5510
4124,2024-12-03,832,Sofa,Home & Garden,5,524,2620
4125,2024-03-27,140,Chair,Home & Garden,3,40,120
4126,2024-06-10,103,Sofa,Home & Garden,3,1420,4260
4127,2024-07-13,449,Mixer,Home & Garden,2,794,1588
4128,2024-10-26,608,Dumbbells,Sports,2,304,608
4129,2024-08-14,974,Shoes,Clothing,3,1116,3348
4130,2024-09-23,1349,Lamp,Home & Garden,2,785,1570
4131,2024-07-15,153,Cookware,Home & Garden,3,1230,3690
4132,2024-06-08,29,Smartwatch,Electronics,5,1303,6515
4133,2024-08-19,1111,Dumbbells,Sports,3,30,90
4134,2024-08-27,914,Lamp,Home & Garden,4,1400,5600
4135,2024-06-23,414,Cookware,Home & Garden,3,627,1881
4136,2024-09-06,657,T-Shirt,Clothing,5,571,2855
4137,2024-06-23,616,Shoes,Clothing,4,854,3416
4138,2024-02-12,1388,Laptop,Electronics,4,482,1928
4139,2024-07-01,865,Jeans,Clothing,1,567,567
4140,2024-09-03,391,Cricket Bat,Sports,4,197,788
4141,2024-02-02,464,History Book,Books,3,1015,3045
4142,2024-04-28,504,Dress,Clothing,5,1297,6485
4143,2024-04-07,326,Laptop,Electronics,5,1633,8165
4144,2024-04-20,1455,Fiction Book,Books,2,855,1710
4145,2024-12-19,358,Laptop,Electronics,5,1040,5200
4146,2024-12-21,1407,Cricket Bat,Sports,4,1544,6176
4147,2024-06-28,1319,Smartwatch,Electronics,1,418,418
4148,2024-09-13,1193,Jacket,Clothing,4,1550,6200
4149,2024-02-04,63,Chair,Home & Garden,3,693,2079
4150,2024-04-11,86,Jacket,Clothing,4,757,3028
4151,2024-06-03,1422,Chair,Home & Garden,2,1949,3898
4152,2024-02-21,678,Science Book,Books,3,1366,4098
4153,2024-10-04,1231,Laptop,Electronics,2,1408,2816
4154,2024-01-20,1069,Fiction Book,Books,3,1314,3942
4155,2024-07-03,276,Laptop,Electronics,4,1638,6552
4156,2024-05-19,624,Tennis Racket,Sports,4,684,2736
4157,2024-02-16,231,Football,Sports,5,1557,7785
4158,2024-07-23,1118,Yoga Mat,Sports,4,1123,4492
4159,2024-03-26,83,Comics,Books,5,1992,9960
4160,2024-12-20,763,T-Shirt,Clothing,1,301,301
4161,2024-07-25,193,Sofa,Home & Garden,4,729,2916
4162,2024-04-08,606,T-Shirt,Clothing,5,566,2830
4163,2024-12-20,1228,Jeans,Clothing,5,580,2900
4164,2024-08-29,802,Comics,Books,5,776,3880
4165,2024-08-24,863,Smartwatch,Electronics,5,1555,7775
4166,2024-03-24,1392,Mixer,Home & Garden,2,247,494
4167,2024-04-19,950,Biography,Books,4,962,3848
4168,2024-04-01,1472,Yoga Mat,Sports,2,686,1372
4169,2024-03-23,1458,Lamp,Home & Garden,5,334,1670
4170,2024-05-19,876,Mixer,Home & Garden,4,1895,7580
4171,2024-05-08,1044,Jacket,Clothing,5,859,4295
4172,2024-03-28,578,Dumbbells,Sports,2,260,520
4173,2024-07-09,709,T-Shirt,Clothing,4,1940,7760
4174,2024-09-02,316,Science Book,Books,3,218,654
4175,2024-09-20,708,Tennis Racket,Sports,5,1314,6570
4176,2024-02-09,1231,Smartwatch,Electronics,5,960,4800
4177,2024-11-08,1184,Mixer,Home & Garden,1,1514,1514
4178,2024-03-02,123,Dumbbells,Sports,3,541,1623
4179,2024-07-29,648,Tennis Racket,Sports,1,1178,1178
4180,2024-09-22,581,Tablet,Electronics,4,494,1976
4181,2024-03-30,141,Laptop,Electronics,5,628,3140
4182,2024-05-04,144,Yoga Mat,Sports,5,1800,9000
4183,2024-12-12,540,Smartwatch,Electronics,3,394,1182
4184,2024-11-17,101,Cookware,Home & Garden,1,1959,1959
4185,2024-05-15,817,T-Shirt,Clothing,1,1896,1896
4186,2024-01-19,204,Shoes,Clothing,3,788,2364
4187,2024-04-12,1338,Fiction Book,Books,4,261,1044
4188,2024-12-12,1332,Tennis Racket,Sports,5,160,800
4189,2024-11-29,839,Shoes,Clothing,3,1980,5940
4190,2024-03-11,178,T-Shirt,Clothing,1,346,346
4191,2024-03-10,35,Headphones,Electronics,1,1849,1849
4192,2024-05-21,1174,Smartwatch,Electronics,3,297,891
4193,2024-02-27,3,Jacket,Clothing,2,769,1538
4194,2024-06-18,451,Science Book,Books,2,1736,3472
4195,2024-08-27,739,History Book,Books,2,125,250
4196,2024-04-26,1462,Tablet,Electronics,4,1632,6528
4197,2024-09-29,774,Cookware,Home & Garden,3,453,1359
4198,2024-11-15,1295,Mixer,Home & Garden,3,1174,3522
4199,2024-12-17,1434,Football,Sports,1,1985,1985
4200,2024-08-14,1347,Smartwatch,Electronics,3,1320,3960
4201,2024-04-20,1330,Shoes,Clothing,4,312,1248
4202,2024-01-21,356,Lamp,Home & Garden,1,1889,1889
4203,2024-10-25,320,Lamp,Home & Garden,5,1958,9790
4204,2024-07-12,1112,Tennis Racket,Sports,4,1543,6172
4205,2024-05-07,470,Tennis Racket,Sports,2,304,608
4206,2024-12-20,232,Tablet,Electronics,4,1659,6636
4207,2024-02-01,896,Jacket,Clothing,4,38,152
4208,2024-11-22,131,Fiction Book,Books,1,307,307
4209,2024-05-20,818,Football,Sports,5,463,2315
4210,2024-08-18,404,Sofa,Home & Garden,1,418,418
4211,2024-05-22,954,Comics,Books,1,155,155
4212,2024-12-23,485,Tablet,Electronics,5,77,385
4213,2024-05-30,682,T-Shirt,Clothing,3,790,2370
4214,2024-12-25,946,Mobile,Electronics,3,268,804
4215,2024-12-15,162,Smartwatch,Electronics,4,313,1252
4216,2024-10-02,1193,Sofa,Home & Garden,3,1255,3765
4217,2024-04-15,222,Dumbbells,Sports,5,1062,5310
4218,2024-04-04,27,Cookware,Home & Garden,5,1526,7630
4219,2024-07-23,903,Chair,Home & Garden,5,860,4300
4220,2024-08-23,639,Biography,Books,1,961,961
4221,2024-07-14,308,Yoga Mat,Sports,4,711,2844
4222,2024-12-30,184,T-Shirt,Clothing,2,22,44
4223,2024-08-24,669,Laptop,Electronics,2,1572,3144
4224,2024-10-08,692,Football,Sports,3,504,1512
4225,2024-08-10,148,Football,Sports,1,858,858
4226,2024-08-14,845,Headphones,Electronics,5,1970,9850
4227,2024-01-10,985,Comics,Books,1,1490,1490
4228,2024-02-25,712,Comics,Books,4,130,520
4229,2024-09-09,280,Tennis Racket,Sports,3,1989,5967
4230,2024-12-05,978,Dress,Clothing,2,354,708
4231,2024-12-28,548,Tablet,Electronics,2,69,138
4232,2024-03-21,825,Dumbbells,Sports,5,1712,8560
4233,2024-07-09,1282,Cricket Bat,Sports,2,1237,2474
4234,2024-07-07,176,Tablet,Electronics,5,1565,7825
4235,2024-02-03,811,Mixer,Home & Garden,2,96,192
4236,2024-09-17,638,Fiction Book,Books,2,1463,2926
4237,2024-05-30,1234,Dumbbells,Sports,4,1301,5204
4238,2024-04-18,531,Cricket Bat,Sports,2,1513,3026
4239,2024-04-23,1104,Tablet,Electronics,3,180,540
4240,2024-08-12,510,Comics,Books,2,1835,3670
4241,2024-06-18,432,History Book,Books,1,1955,1955
4242,2024-07-13,713,Tennis Racket,Sports,4,1929,7716
4243,2024-03-30,65,Jacket,Clothing,2,1321,2642
4244,2024-01-25,1441,Jacket,Clothing,2,1831,3662
4245,2024-06-19,133,Cookware,Home & Garden,4,1819,7276
4246,2024-01-14,658,Yoga Mat,Sports,4,1572,6288
4247,2024-09-03,310,Shoes,Clothing,5,448,2240
4248,2024-06-20,85,Mobile,Electronics,4,1068,4272
4249,2024-12-16,1203,Dress,Clothing,5,521,2605
4250,2024-09-17,135,Yoga Mat,Sports,4,117,468
4251,2024-11-01,1450,T-Shirt,Clothing,4,1047,4188
4252,2024-01-28,27,T-Shirt,Clothing,2,843,1686
4253,2024-05-13,359,Football,Sports,2,73,146
4254,2024-06-20,355,Tennis Racket,Sports,3,1551,4653
4255,2024-03-17,1063,Laptop,Electronics,5,1264,6320
4256,2024-07-13,1482,Sofa,Home & Garden,3,209,627
4257,2024-01-16,206,Headphones,Electronics,3,1477,4431
4258,2024-06-09,469,Jacket,Clothing,3,493,1479
4259,2024-03-04,1367,Mixer,Home & Garden,1,1560,1560
4260,2024-03-25,1436,Dumbbells,Sports,5,361,1805
4261,2024-02-17,1350,Dress,Clothing,1,957,957
4262,2024-11-23,829,Football,Sports,4,1505,6020
4263,2024-06-02,1081,Tennis Racket,Sports,4,1761,7044
4264,2024-02-26,945,Mixer,Home & Garden,2,1634,3268
4265,2024-08-22,231,Jeans,Clothing,4,809,3236
4266,2024-08-16,650,Science Book,Books,5,199,995
4267,2024-10-24,1164,Yoga Mat,Sports,4,1436,5744
4268,2024-12-26,189,Jacket,Clothing,5,1229,6145
4269,2024-03-29,849,Dumbbells,Sports,2,1785,3570
4270,2024-07-18,333,Laptop,Electronics,4,616,2464
4271,2024-07-28,625,Comics,Books,4,38,152
4272,2024-05-20,1171,Chair,Home & Garden,4,1723,6892
4273,2024-12-22,439,Sofa,Home & Garden,1,572,572
4274,2024-06-19,70,Cookware,Home & Garden,1,650,650
4275,2024-01-17,505,Shoes,Clothing,1,1214,1214
4276,2024-08-26,1217,Mobile,Electronics,4,1368,5472
4277,2024-09-24,175,Dress,Clothing,2,518,1036
4278,2024-05-18,354,Smartwatch,Electronics,2,476,952
4279,2024-12-17,1056,History Book,Books,5,190,950
4280,2024-09-02,1007,Shoes,Clothing,1,899,899
4281,2024-10-20,246,Yoga Mat,Sports,5,165,825
4282,2024-06-28,685,History Book,Books,5,698,3490
4283,2024-03-25,609,Jeans,Clothing,2,899,1798
4284,2024-08-10,56,Headphones,Electronics,1,434,434
4285,2024-10-06,696,Biography,Books,2,1959,3918
4286,2024-10-20,1463,Football,Sports,5,196,980
4287,2024-12-29,771,Mobile,Electronics,4,1164,4656
4288,2024-07-15,614,History Book,Books,5,100,500
4289,2024-12-21,992,Smartwatch,Electronics,3,855,2565
4290,2024-07-18,431,Headphones,Electronics,5,915,4575
4291,2024-06-04,120,Tennis Racket,Sports,4,1587,6348
4292,2024-01-07,1058,Cookware,Home & Garden,4,869,3476
4293,2024-03-11,1390,Comics,Books,2,1887,3774
4294,2024-12-01,314,Dress,Clothing,2,259,518
4295,2024-07-23,354,Jacket,Clothing,2,537,1074
4296,2024-04-15,1010,Fiction Book,Books,3,398,1194
4297,2024-01-02,592,T-Shirt,Clothing,4,1987,7948
4298,2024-09-23,927,Tablet,Electronics,2,1671,3342
4299,2024-04-22,613,Fiction Book,Books,3,1536,4608
4300,2024-09-07,865,Sofa,Home & Garden,4,1788,7152
4301,2024-04-13,553,Headphones,Electronics,4,1551,6204
4302,2024-02-05,1,Cookware,Home & Garden,2,485,970
4303,2024-10-29,560,Comics,Books,1,909,909
4304,2024-04-12,1135,Headphones,Electronics,1,1831,1831
4305,2024-03-09,567,Tennis Racket,Sports,3,1145,3435
4306,2024-09-30,1459,Cricket Bat,Sports,1,1886,1886
4307,2024-08-27,536,Tennis Racket,Sports,5,1538,7690
4308,2024-05-21,1142,Sofa,Home & Garden,3,72,216
4309,2024-10-31,1301,Cricket Bat,Sports,5,1790,8950
4310,2024-11-05,592,Shoes,Clothing,1,1123,1123
4311,2024-06-27,640,Chair,Home & Garden,2,916,1832
4312,2024-02-17,605,Biography,Books,4,750,3000
4313,2024-06-06,1270,Jeans,Clothing,5,137,685
4314,2024-06-01,1285,T-Shirt,Clothing,5,448,2240
4315,2024-02-06,387,Comics,Books,5,58,290
4316,2024-04-21,110,Lamp,Home & Garden,2,1272,2544
4317,2024-05-17,561,Fiction Book,Books,3,1565,4695
4318,2024-06-25,683,Tennis Racket,Sports,2,1054,2108
4319,2024-08-29,665,Yoga Mat,Sports,1,1615,1615
4320,2024-04-10,1307,Yoga Mat,Sports,3,1742,5226
4321,2024-06-15,43,Yoga Mat,Sports,4,757,3028
4322,2024-08-06,1367,Dumbbells,Sports,2,1123,2246
4323,2024-02-11,174,Science Book,Books,5,1117,5585
4324,2024-07-21,1089,Jeans,Clothing,3,1791,5373
4325,2024-07-06,855,Headphones,Electronics,1,1048,1048
4326,2024-01-23,200,Mixer,Home & Garden,4,234,936
4327,2024-12-19,1193,Sofa,Home & Garden,1,1112,1112
4328,2024-05-02,719,Mixer,Home & Garden,1,519,519
4329,2024-03-26,1490,Fiction Book,Books,3,545,1635
4330,2024-07-27,743,Fiction Book,Books,3,1037,3111
4331,2024-02-24,1240,Jeans,Clothing,1,1660,1660
4332,2024-11-10,1364,Chair,Home & Garden,5,1181,5905
4333,2024-07-11,670,Tablet,Electronics,4,1648,6592
4334,2024-05-07,461,History Book,Books,5,251,1255
4335,2024-07-22,1073,Chair,Home & Garden,4,1969,7876
4336,2024-06-11,64,Biography,Books,2,307,614
4337,2024-05-06,1442,Laptop,Electronics,3,222,666
4338,2024-10-05,902,Sofa,Home & Garden,1,332,332
4339,2024-08-18,682,Science Book,Books,4,884,3536
4340,2024-01-09,945,Smartwatch,Electronics,3,1998,5994
4341,2024-10-13,1487,Jeans,Clothing,4,517,2068
4342,2024-03-29,1168,Biography,Books,2,1689,3378
4343,2024-09-22,425,Mobile,Electronics,3,385,1155
4344,2024-09-26,55,T-Shirt,Clothing,2,876,1752
4345,2024-06-28,977,Jeans,Clothing,5,105,525
4346,2024-04-04,1298,Fiction Book,Books,2,1312,2624
4347,2024-03-28,170,Dress,Clothing,4,674,2696
4348,2024-10-05,1393,Smartwatch,Electronics,5,1437,7185
4349,2024-02-09,1086,History Book,Books,3,1794,5382
4350,2024-04-13,522,Football,Sports,1,444,444
4351,2024-01-30,242,Jeans,Clothing,2,774,1548
4352,2024-01-30,52,Sofa,Home & Garden,4,361,1444
4353,2024-07-15,639,Tennis Racket,Sports,2,738,1476
4354,2024-10-15,439,Tablet,Electronics,3,199,597
4355,2024-12-28,1071,Mixer,Home & Garden,3,566,1698
4356,2024-05-07,718,Jeans,Clothing,1,848,848
4357,2024-05-03,1156,Chair,Home & Garden,3,1812,5436
4358,2024-09-27,313,Shoes,Clothing,5,928,4640
4359,2024-02-23,441,T-Shirt,Clothing,2,1573,3146
4360,2024-03-12,926,Cricket Bat,Sports,1,1563,1563
4361,2024-10-04,922,Headphones,Electronics,2,1664,3328
4362,2024-04-23,1406,Smartwatch,Electronics,1,478,478
4363,2024-06-03,1319,Chair,Home & Garden,1,1865,1865
4364,2024-08-11,1372,Tennis Racket,Sports,5,1292,6460
4365,2024-07-07,884,Comics,Books,1,385,385
4366,2024-05-21,898,Smartwatch,Electronics,5,1866,9330
4367,2024-10-08,980,Comics,Books,3,529,1587
4368,2024-04-22,971,Mobile,Electronics,1,1683,1683
4369,2024-06-01,1047,Shoes,Clothing,4,1451,5804
4370,2024-04-11,59,Shoes,Clothing,1,492,492
4371,2024-01-09,1275,Yoga Mat,Sports,2,1163,2326
4372,2024-06-19,188,Fiction Book,Books,4,241,964
4373,2024-06-28,789,Headphones,Electronics,5,1288,6440
4374,2024-02-13,647,Shoes,Clothing,2,105,210
4375,2024-08-24,675,Jacket,Clothing,4,1293,5172
4376,2024-06-16,416,Biography,Books,5,1280,6400
4377,2024-09-10,376,Shoes,Clothing,1,1223,1223
4378,2024-06-03,1157,Shoes,Clothing,1,600,600
4379,2024-07-31,785,Sofa,Home & Garden,2,659,1318
4380,2024-06-25,933,History Book,Books,3,1345,4035
4381,2024-05-25,928,Sofa,Home & Garden,5,1458,7290
4382,2024-09-01,552,Science Book,Books,4,1714,6856
4383,2024-08-21,1063,Mixer,Home & Garden,4,1996,7984
4384,2024-07-09,247,Dumbbells,Sports,5,579,2895
4385,2024-05-08,342,Jacket,Clothing,2,1716,3432
4386,2024-04-01,308,Fiction Book,Books,3,1163,3489
4387,2024-06-30,1319,Science Book,Books,3,1376,4128
4388,2024-06-13,1069,History Book,Books,4,1031,4124
4389,2024-04-30,834,Lamp,Home & Garden,3,1594,4782
4390,2024-06-10,158,Science Book,Books,2,1257,2514
4391,2024-11-19,607,Chair,Home & Garden,4,1423,5692
4392,2024-11-22,75,Jacket,Clothing,4,242,968
4393,2024-03-18,632,Fiction Book,Books,4,1392,5568
4394,2024-09-12,1331,Comics,Books,5,710,3550
4395,2024-11-28,361,Biography,Books,2,364,728
4396,2024-08-29,643,Jacket,Clothing,3,1911,5733
4397,2024-05-31,1255,Shoes,Clothing,4,1271,5084
4398,2024-01-28,696,Headphones,Electronics,5,1778,8890
4399,2024-03-21,364,Headphones,Electronics,5,553,2765
4400,2024-04-03,1066,T-Shirt,Clothing,4,1330,5320
4401,2024-04-04,1420,Sofa,Home & Garden,5,686,3430
4402,2024-09-24,173,Headphones,Electronics,2,1857,3714
4403,2024-05-26,598,Smartwatch,Electronics,5,970,4850
4404,2024-04-20,438,Jacket,Clothing,3,1126,3378
4405,2024-02-05,97,History Book,Books,4,881,3524
4406,2024-10-11,783,Sofa,Home & Garden,3,1671,5013
4407,2024-01-15,424,Jeans,Clothing,4,147,588
4408,2024-08-29,392,Cookware,Home & Garden,4,101,404
4409,2024-04-13,1141,Lamp,Home & Garden,2,763,1526
4410,2024-12-11,1288,Lamp,Home & Garden,1,442,442
4411,2024-01-11,1144,Science Book,Books,1,576,576
4412,2024-05-24,1344,Science Book,Books,3,485,1455
4413,2024-07-11,1293,Biography,Books,4,798,3192
4414,2024-01-10,59,Mobile,Electronics,5,520,2600
4415,2024-07-11,816,T-Shirt,Clothing,1,1019,1019
4416,2024-04-17,283,Cricket Bat,Sports,2,872,1744
4417,2024-10-01,1037,Comics,Books,4,1602,6408
4418,2024-10-24,728,Dress,Clothing,4,989,3956
4419,2024-11-29,479,Tablet,Electronics,5,1411,7055
4420,2024-04-28,1037,Biography,Books,3,739,2217
4421,2024-12-15,664,T-Shirt,Clothing,4,511,2044
4422,2024-10-16,441,Science Book,Books,5,60,300
4423,2024-10-03,1090,Laptop,Electronics,1,1688,1688
4424,2024-12-28,1282,Comics,Books,5,688,3440
4425,2024-04-05,1403,Science Book,Books,1,545,545
4426,2024-06-01,921,Cricket Bat,Sports,3,129,387
4427,2024-05-15,224,Shoes,Clothing,5,1285,6425
4428,2024-11-03,1424,Cricket Bat,Sports,1,1689,1689
4429,2024-12-28,225,Science Book,Books,4,281,1124
4430,2024-12-05,279,Cookware,Home & Garden,1,1269,1269
4431,2024-03-28,561,Biography,Books,5,1703,8515
4432,2024-07-04,182,Sofa,Home & Garden,3,910,2730
4433,2024-12-17,621,Biography,Books,3,959,2877
4434,2024-09-28,1198,Chair,Home & Garden,3,1821,5463
4435,2024-11-02,1223,Fiction Book,Books,1,908,908
4436,2024-10-29,1313,Headphones,Electronics,1,71,71
4437,2024-07-06,145,Comics,Books,3,759,2277
4438,2024-02-25,1080,Yoga Mat,Sports,2,779,1558
4439,2024-05-11,1328,Laptop,Electronics,4,1496,5984
4440,2024-01-20,142,Tennis Racket,Sports,5,1339,6695
4441,2024-01-03,1471,Laptop,Electronics,1,473,473
4442,2024-09-11,514,Football,Sports,5,566,2830
4443,2024-03-28,806,Dress,Clothing,4,1955,7820
4444,2024-12-23,973,Jacket,Clothing,2,190,380
4445,2024-02-23,115,Cookware,Home & Garden,3,1727,5181
4446,2024-10-11,1238,Dumbbells,Sports,5,550,2750
4447,2024-10-09,106,Cookware,Home & Garden,5,927,4635
4448,2024-10-17,1019,T-Shirt,Clothing,2,553,1106
4449,2024-04-25,976,Biography,Books,5,903,4515
4450,2024-07-19,1193,Football,Sports,4,358,1432
4451,2024-06-23,779,Science Book,Books,3,123,369
4452,2024-05-18,480,Dress,Clothing,3,1999,5997
4453,2024-09-19,577,Lamp,Home & Garden,3,1855,5565
4454,2024-12-12,209,Jacket,Clothing,4,1605,6420
4455,2024-05-26,1465,Football,Sports,4,498,1992
4456,2024-01-05,778,Headphones,Electronics,1,1044,1044
4457,2024-09-04,880,Mixer,Home & Garden,4,1439,5756
4458,2024-10-05,1082,Dress,Clothing,4,1696,6784
4459,2024-01-12,89,Jeans,Clothing,3,1268,3804
4460,2024-03-18,817,Comics,Books,3,194,582
4461,2024-07-05,785,Dumbbells,Sports,1,1859,1859
4462,2024-12-23,1352,Cookware,Home & Garden,3,1505,4515
4463,2024-08-28,56,Comics,Books,4,1138,4552
4464,2024-01-13,893,Smartwatch,Electronics,5,247,1235
4465,2024-01-19,395,Dumbbells,Sports,3,838,2514
4466,2024-07-04,140,Mobile,Electronics,4,1529,6116
4467,2024-07-21,323,Smartwatch,Electronics,4,656,2624
4468,2024-03-14,474,Science Book,Books,2,856,1712
4469,2024-02-08,481,Dumbbells,Sports,4,823,3292
4470,2024-05-23,1270,Cricket Bat,Sports,2,141,282
4471,2024-07-16,79,Tennis Racket,Sports,1,1719,1719
4472,2024-08-21,1035,Laptop,Electronics,2,1271,2542
4473,2024-12-09,599,Mixer,Home & Garden,2,908,1816
4474,2024-10-07,784,Laptop,Electronics,4,1792,7168
4475,2024-12-05,562,Mixer,Home & Garden,2,1192,2384
4476,2024-11-29,1035,Chair,Home & Garden,3,1224,3672
4477,2024-08-09,153,Dress,Clothing,5,1597,7985
4478,2024-04-19,1311,Jeans,Clothing,4,1597,6388
4479,2024-03-06,282,Biography,Books,2,283,566
4480,2024-01-28,639,Smartwatch,Electronics,2,1694,3388
4481,2024-09-16,1372,Fiction Book,Books,5,758,3790
4482,2024-02-17,1121,Comics,Books,3,124,372
4483,2024-04-20,590,Dress,Clothing,1,162,162
4484,2024-08-10,808,Jeans,Clothing,2,44,88
4485,2024-01-01,395,Sofa,Home & Garden,2,1464,2928
4486,2024-08-15,1457,Football,Sports,2,563,1126
4487,2024-02-17,1498,Fiction Book,Books,5,136,680
4488,2024-07-30,1103,Fiction Book,Books,2,578,1156
4489,2024-01-19,559,Dumbbells,Sports,4,1996,7984
4490,2024-10-09,310,Shoes,Clothing,3,943,2829
4491,2024-06-29,403,Dumbbells,Sports,3,589,1767
4492,2024-12-21,476,Dress,Clothing,4,195,780
4493,2024-06-29,463,Sofa,Home & Garden,2,1895,3790
4494,2024-08-23,1105,Mobile,Electronics,5,47,235
4495,2024-12-07,221,Biography,Books,4,1584,6336
4496,2024-02-15,837,T-Shirt,Clothing,4,601,2404
4497,2024-01-11,429,Tennis Racket,Sports,1,1040,1040
4498,2024-04-12,1266,Cookware,Home & Garden,1,1217,1217
4499,2024-03-12,302,Football,Sports,5,1376,6880
4500,2024-02-12,875,Comics,Books,3,1239,3717
4501,2024-09-12,148,Tennis Racket,Sports,3,1090,3270
4502,2024-02-13,41,Tablet,Electronics,4,843,3372
4503,2024-09-12,72,Yoga Mat,Sports,1,622,622
4504,2024-04-24,801,History Book,Books,4,16,64
4505,2024-11-01,758,Comics,Books,1,1051,1051
4506,2024-03-25,1135,Football,Sports,3,1140,3420
4507,2024-05-03,1245,Jacket,Clothing,1,229,229
4508,2024-09-16,998,Jeans,Clothing,2,1234,2468
4509,2024-02-05,1448,Sofa,Home & Garden,3,908,2724
4510,2024-03-27,1133,Comics,Books,2,413,826
4511,2024-12-14,305,Jeans,Clothing,4,766,3064
4512,2024-03-12,1146,Dress,Clothing,3,325,975
4513,2024-09-04,1042,Jacket,Clothing,5,891,4455
4514,2024-06-06,774,Tablet,Electronics,4,1814,7256
4515,2024-10-07,1215,Tablet,Electronics,3,308,924
4516,2024-03-19,786,Mixer,Home & Garden,2,686,1372
4517,2024-09-02,369,Mobile,Electronics,4,231,924
4518,2024-04-17,1363,Smartwatch,Electronics,4,693,2772
4519,2024-04-10,16,Tennis Racket,Sports,4,329,1316
4520,2024-11-29,869,Fiction Book,Books,1,681,681
4521,2024-02-05,1494,Headphones,Electronics,3,615,1845
4522,2024-09-04,1390,Shoes,Clothing,5,235,1175
4523,2024-05-16,972,Jacket,Clothing,5,850,4250
4524,2024-08-24,1375,Headphones,Electronics,5,1138,5690
4525,2024-11-26,1419,Jacket,Clothing,5,1655,8275
4526,2024-05-28,1168,Biography,Books,5,853,4265
4527,2024-04-01,669,Smartwatch,Electronics,4,1008,4032
4528,2024-07-01,25,Dumbbells,Sports,3,906,2718
4529,2024-08-31,993,History Book,Books,2,906,1812
4530,2024-01-24,352,Sofa,Home & Garden,3,1857,5571
4531,2024-10-05,872,Jeans,Clothing,1,1340,1340
4532,2024-12-04,853,Mixer,Home & Garden,2,301,602
4533,2024-04-20,1041,Mixer,Home & Garden,3,201,603
4534,2024-07-29,1367,Dress,Clothing,4,1368,5472
4535,2024-05-06,1064,T-Shirt,Clothing,4,1882,7528
4536,2024-09-06,639,Football,Sports,3,1789,5367
4537,2024-09-27,1320,Fiction Book,Books,1,1726,1726
4538,2024-02-24,706,Football,Sports,1,1174,1174
4539,2024-07-23,15,Cookware,Home & Garden,3,1696,5088
4540,2024-12-01,432,Football,Sports,4,462,1848
4541,2024-08-18,236,Sofa,Home & Garden,3,455,1365
4542,2024-02-25,589,T-Shirt,Clothing,1,1834,1834
4543,2024-03-01,1078,History Book,Books,2,909,1818
4544,2024-10-20,331,Biography,Books,1,1766,1766
4545,2024-01-08,1144,Mobile,Electronics,4,1472,5888
4546,2024-06-23,654,T-Shirt,Clothing,3,1270,3810
4547,2024-06-12,1361,T-Shirt,Clothing,5,1444,7220
4548,2024-01-17,476,Shoes,Clothing,4,1822,7288
4549,2024-03-06,892,Chair,Home & Garden,3,558,1674
4550,2024-02-02,1021,Cookware,Home & Garden,3,1921,5763
4551,2024-03-21,1359,Science Book,Books,3,1195,3585
4552,2024-07-16,263,Yoga Mat,Sports,1,34,34
4553,2024-12-25,694,Biography,Books,2,1177,2354
4554,2024-07-19,449,Smartwatch,Electronics,4,380,1520
4555,2024-06-14,175,Science Book,Books,3,50,150
4556,2024-11-25,126,Jeans,Clothing,5,505,2525
4557,2024-01-19,1387,Tennis Racket,Sports,4,32,128
4558,2024-02-05,1104,Cookware,Home & Garden,5,1095,5475
4559,2024-07-28,1193,Fiction Book,Books,1,1194,1194
4560,2024-02-05,1255,Mixer,Home & Garden,4,1440,5760
4561,2024-01-11,1381,Jacket,Clothing,1,833,833
4562,2024-05-02,127,Shoes,Clothing,5,1380,6900
4563,2024-07-31,1456,Cricket Bat,Sports,4,692,2768
4564,2024-10-26,120,T-Shirt,Clothing,3,651,1953
4565,2024-07-21,1384,Dumbbells,Sports,2,1261,2522
4566,2024-04-07,550,Tablet,Electronics,3,748,2244
4567,2024-08-08,527,Football,Sports,2,660,1320
4568,2024-12-20,252,Yoga Mat,Sports,1,1615,1615
4569,2024-05-23,668,Science Book,Books,1,105,105
4570,2024-09-11,1254,Dumbbells,Sports,4,1156,4624
4571,2024-09-24,331,Shoes,Clothing,5,548,2740
4572,2024-12-13,388,Dress,Clothing,5,1734,8670
4573,2024-03-23,1093,Science Book,Books,5,525,2625
4574,2024-11-07,739,Laptop,Electronics,3,835,2505
4575,2024-12-28,1203,Dumbbells,Sports,5,449,2245
4576,2024-09-05,243,Yoga Mat,Sports,5,114,570
4577,2024-11-27,836,Jacket,Clothing,3,1636,4908
4578,2024-11-09,133,Science Book,Books,5,1477,7385
4579,2024-11-23,407,Smartwatch,Electronics,4,1561,6244
4580,2024-06-22,290,Fiction Book,Books,5,1004,5020
4581,2024-07-22,255,Fiction Book,Books,3,1550,4650
4582,2024-11-16,1079,Lamp,Home & Garden,2,898,1796
4583,2024-03-21,902,Chair,Home & Garden,1,1339,1339
4584,2024-06-27,349,Shoes,Clothing,5,1223,6115
4585,2024-05-21,412,Jeans,Clothing,5,410,2050
4586,2024-12-27,772,Cookware,Home & Garden,1,375,375
4587,2024-01-31,1350,Mobile,Electronics,1,1478,1478
4588,2024-04-06,1116,Mixer,Home & Garden,1,742,742
4589,2024-06-14,699,Science Book,Books,2,473,946
4590,2024-02-16,1191,History Book,Books,2,738,1476
4591,2024-02-22,766,Comics,Books,5,1252,6260
4592,2024-06-21,648,Mixer,Home & Garden,1,448,448
4593,2024-08-24,271,Fiction Book,Books,4,1864,7456
4594,2024-10-27,943,Tennis Racket,Sports,5,69,345
4595,2024-02-21,857,Headphones,Electronics,5,101,505
4596,2024-10-12,983,Shoes,Clothing,5,1492,7460
4597,2024-01-26,1207,Cookware,Home & Garden,3,1578,4734
4598,2024-09-09,1190,Jacket,Clothing,3,1912,5736
4599,2024-12-12,1456,Football,Sports,3,13,39
4600,2024-06-17,262,Lamp,Home & Garden,4,1845,7380
4601,2024-01-30,497,History Book,Books,2,947,1894
4602,2024-09-23,1395,Mobile,Electronics,2,695,1390
4603,2024-07-16,385,Dress,Clothing,4,797,3188
4604,2024-12-16,1053,Lamp,Home & Garden,5,1715,8575
4605,2024-07-29,564,Dumbbells,Sports,4,1422,5688
4606,2024-07-08,391,Cricket Bat,Sports,4,1414,5656
4607,2024-07-06,1341,Football,Sports,2,1203,2406
4608,2024-09-15,541,Cricket Bat,Sports,5,1313,6565
4609,2024-02-24,155,T-Shirt,Clothing,2,1026,2052
4610,2024-01-22,1355,Jeans,Clothing,2,1860,3720
4611,2024-07-15,800,T-Shirt,Clothing,2,1074,2148
4612,2024-06-09,1331,Dumbbells,Sports,3,482,1446
4613,2024-03-24,542,Laptop,Electronics,4,1456,5824
4614,2024-12-30,531,Smartwatch,Electronics,3,624,1872
4615,2024-08-23,228,Science Book,Books,2,1686,3372
4616,2024-02-13,543,T-Shirt,Clothing,2,1877,3754
4617,2024-09-10,632,Biography,Books,2,1089,2178
4618,2024-02-27,189,Headphones,Electronics,1,1765,1765
4619,2024-03-13,1205,Jacket,Clothing,4,733,2932
4620,2024-08-01,870,Fiction Book,Books,4,1061,4244
4621,2024-11-01,1235,Biography,Books,1,653,653
4622,2024-12-11,851,Laptop,Electronics,3,1223,3669
4623,2024-12-18,343,Jeans,Clothing,1,1633,1633
4624,2024-08-23,209,Dumbbells,Sports,4,1647,6588
4625,2024-11-09,484,Fiction Book,Books,3,163,489
4626,2024-12-22,851,Shoes,Clothing,3,1498,4494
4627,2024-04-05,1288,Biography,Books,3,297,891
4628,2024-11-10,166,Cookware,Home & Garden,1,1786,1786
4629,2024-01-06,256,Chair,Home & Garden,2,1230,2460
4630,2024-12-17,1262,Comics,Books,4,966,3864
4631,2024-11-08,234,Dumbbells,Sports,1,1541,1541
4632,2024-12-12,505,Biography,Books,5,14,70
4633,2024-03-08,741,Tablet,Electronics,3,1906,5718
4634,2024-03-01,442,Football,Sports,5,1733,8665
4635,2024-06-28,416,Sofa,Home & Garden,1,1073,1073
4636,2024-07-30,202,Dress,Clothing,2,56,112
4637,2024-02-27,701,Comics,Books,4,29,116
4638,2024-02-24,267,Sofa,Home & Garden,1,1725,1725
4639,2024-10-07,192,Dress,Clothing,1,447,447
4640,2024-09-02,1247,Tennis Racket,Sports,2,647,1294
4641,2024-06-30,119,Smartwatch,Electronics,2,1456,2912
4642,2024-05-27,419,Sofa,Home & Garden,3,1958,5874
4643,2024-05-07,64,Mobile,Electronics,3,348,1044
4644,2024-04-06,493,Tennis Racket,Sports,5,836,4180
4645,2024-08-21,60,Fiction Book,Books,4,412,1648
4646,2024-02-15,608,Headphones,Electronics,5,927,4635
4647,2024-11-26,385,Dumbbells,Sports,3,999,2997
4648,2024-07-28,18,Cookware,Home & Garden,3,1378,4134
4649,2024-12-25,476,Fiction Book,Books,2,1467,2934
4650,2024-05-24,587,Shoes,Clothing,2,1968,3936
4651,2024-12-05,678,Biography,Books,2,1254,2508
4652,2024-11-26,792,Biography,Books,2,1273,2546
4653,2024-01-24,702,Fiction Book,Books,5,339,1695
4654,2024-07-22,950,Mobile,Electronics,2,934,1868
4655,2024-01-07,956,Cookware,Home & Garden,5,1427,7135
4656,2024-04-06,362,Laptop,Electronics,4,764,3056
4657,2024-08-08,1474,Cookware,Home & Garden,3,771,2313
4658,2024-06-14,1223,Sofa,Home & Garden,1,679,679
4659,2024-10-31,436,Smartwatch,Electronics,5,690,3450
4660,2024-10-25,682,Laptop,Electronics,5,228,1140
4661,2024-08-02,152,Yoga Mat,Sports,5,1082,5410
4662,2024-11-01,349,Mixer,Home & Garden,3,85,255
4663,2024-05-25,664,Chair,Home & Garden,2,409,818
4664,2024-02-04,1203,Football,Sports,1,989,989
4665,2024-09-29,319,Sofa,Home & Garden,2,1338,2676
4666,2024-05-06,202,Jacket,Clothing,4,679,2716
4667,2024-08-10,366,Science Book,Books,4,1995,7980
4668,2024-12-10,416,Dress,Clothing,3,155,465
4669,2024-10-11,1353,Jacket,Clothing,4,315,1260
4670,2024-10-16,590,History Book,Books,3,1066,3198
4671,2024-09-04,1262,Sofa,Home & Garden,3,952,2856
4672,2024-07-10,966,Chair,Home & Garden,3,1280,3840
4673,2024-02-24,1262,Yoga Mat,Sports,1,1269,1269
4674,2024-01-26,779,Tennis Racket,Sports,3,1092,3276
4675,2024-03-25,1035,Biography,Books,3,785,2355
4676,2024-02-16,1448,Chair,Home & Garden,3,864,2592
4677,2024-10-30,427,Mixer,Home & Garden,5,368,1840
4678,2024-01-10,914,Cookware,Home & Garden,1,1606,1606
4679,2024-08-15,1397,Mobile,Electronics,1,219,219
4680,2024-06-12,166,Mobile,Electronics,5,1111,5555
4681,2024-07-17,515,Cricket Bat,Sports,5,680,3400
4682,2024-02-18,1427,Science Book,Books,3,129,387
4683,2024-09-28,982,Lamp,Home & Garden,3,766,2298
4684,2024-07-29,287,Cookware,Home & Garden,3,1389,4167
4685,2024-05-01,626,Chair,Home & Garden,4,1863,7452
4686,2024-02-16,1045,Smartwatch,Electronics,2,1594,3188
4687,2024-10-09,424,Science Book,Books,5,1138,5690
4688,2024-11-18,109,Lamp,Home & Garden,2,566,1132
4689,2024-04-12,304,Sofa,Home & Garden,5,835,4175
4690,2024-12-22,108,Mobile,Electronics,2,1733,3466
4691,2024-05-05,137,Jeans,Clothing,5,1584,7920
4692,2024-01-10,517,Science Book,Books,3,259,777
4693,2024-07-05,467,Jacket,Clothing,4,503,2012
4694,2024-03-22,447,Sofa,Home & Garden,2,1046,2092
4695,2024-07-26,523,Jacket,Clothing,3,461,1383
4696,2024-06-29,391,Tennis Racket,Sports,1,1780,1780
4697,2024-05-17,826,Science Book,Books,5,1127,5635
4698,2024-10-29,224,Headphones,Electronics,5,1456,7280
4699,2024-04-21,369,Cricket Bat,Sports,5,138,690
4700,2024-11-11,344,Science Book,Books,3,367,1101
4701,2024-06-20,1370,Chair,Home & Garden,2,20,40
4702,2024-09-20,1458,Biography,Books,2,850,1700
4703,2024-02-29,158,Chair,Home & Garden,3,1371,4113
4704,2024-03-29,783,Jacket,Clothing,2,747,1494
4705,2024-08-19,1091,Fiction Book,Books,5,1026,5130
4706,2024-11-09,876,Mixer,Home & Garden,1,1339,1339
4707,2024-11-16,1148,History Book,Books,4,819,3276
4708,2024-05-03,1395,Fiction Book,Books,4,143,572
4709,2024-04-27,761,Mixer,Home & Garden,5,997,4985
4710,2024-10-06,1293,History Book,Books,3,1228,3684
4711,2024-08-17,1106,Dress,Clothing,3,738,2214
4712,2024-01-05,184,Comics,Books,1,1861,1861
4713,2024-04-28,1236,Comics,Books,2,922,1844
4714,2024-09-09,836,Mixer,Home & Garden,3,993,2979
4715,2024-09-14,584,Laptop,Electronics,2,1777,3554
4716,2024-05-03,1002,Chair,Home & Garden,5,1359,6795
4717,2024-05-14,756,History Book,Books,2,1225,2450
4718,2024-09-21,1411,Biography,Books,5,432,2160
4719,2024-08-02,861,Smartwatch,Electronics,5,1313,6565
4720,2024-05-31,1317,Cricket Bat,Sports,5,195,975
4721,2024-01-31,978,Jacket,Clothing,5,619,3095
4722,2024-04-02,1371,Cricket Bat,Sports,2,801,1602
4723,2024-04-11,582,Science Book,Books,5,1567,7835
4724,2024-12-23,1428,Dress,Clothing,2,969,1938
4725,2024-04-04,564,Mixer,Home & Garden,2,1531,3062
4726,2024-06-04,1269,Yoga Mat,Sports,3,574,1722
4727,2024-07-27,981,Sofa,Home & Garden,5,626,3130
4728,2024-10-04,864,Laptop,Electronics,3,1576,4728
4729,2024-11-20,971,Jacket,Clothing,5,731,3655
4730,2024-03-16,289,Dumbbells,Sports,1,944,944
4731,2024-04-15,241,Shoes,Clothing,2,1258,2516
4732,2024-12-04,1252,Cricket Bat,Sports,1,198,198
4733,2024-03-10,1086,Science Book,Books,5,1275,6375
4734,2024-01-15,344,Shoes,Clothing,2,535,1070
4735,2024-03-01,958,Smartwatch,Electronics,2,279,558
4736,2024-02-25,237,Cricket Bat,Sports,1,1488,1488
4737,2024-11-03,971,Shoes,Clothing,4,140,560
4738,2024-02-23,1487,Biography,Books,4,1513,6052
4739,2024-11-04,149,Tablet,Electronics,3,520,1560
4740,2024-12-21,776,Tennis Racket,Sports,5,1718,8590
4741,2024-06-17,1043,Headphones,Electronics,3,1450,4350
4742,2024-12-03,1104,Yoga Mat,Sports,1,630,630
4743,2024-05-30,377,Science Book,Books,1,671,671
4744,2024-08-18,1034,Cookware,Home & Garden,5,965,4825
4745,2024-04-20,1061,T-Shirt,Clothing,3,361,1083
4746,2024-12-17,962,Shoes,Clothing,5,1859,9295
4747,2024-10-24,1194,History Book,Books,5,1304,6520
4748,2024-10-22,1313,Dumbbells,Sports,4,124,496
4749,2024-12-25,394,Tennis Racket,Sports,2,69,138
4750,2024-05-04,283,Jeans,Clothing,1,1652,1652
4751,2024-11-12,1391,Lamp,Home & Garden,2,959,1918
4752,2024-12-04,116,Dumbbells,Sports,5,1066,5330
4753,2024-02-28,317,Smartwatch,Electronics,2,442,884
4754,2024-12-02,1319,Shoes,Clothing,3,1759,5277
4755,2024-05-05,42,Science Book,Books,1,504,504
4756,2024-10-21,697,Tablet,Electronics,4,583,2332
4757,2024-08-18,986,History Book,Books,2,441,882
4758,2024-03-21,114,Cookware,Home & Garden,1,1727,1727
4759,2024-01-28,1230,T-Shirt,Clothing,1,645,645
4760,2024-11-18,1129,Mobile,Electronics,4,1429,5716
4761,2024-11-25,269,Fiction Book,Books,1,667,667
4762,2024-10-26,461,Smartwatch,Electronics,2,1638,3276
4763,2024-06-30,836,Football,Sports,3,1943,5829
4764,2024-08-06,1341,Fiction Book,Books,2,1738,3476
4765,2024-02-06,951,Lamp,Home & Garden,3,1670,5010
4766,2024-09-13,583,T-Shirt,Clothing,4,729,2916
4767,2024-10-03,1444,Laptop,Electronics,2,1289,2578
4768,2024-10-06,1141,Football,Sports,4,824,3296
4769,2024-12-08,217,Cookware,Home & Garden,4,817,3268
4770,2024-07-18,1166,Smartwatch,Electronics,2,989,1978
4771,2024-08-05,1301,Cookware,Home & Garden,3,1384,4152
4772,2024-10-11,1319,Laptop,Electronics,2,682,1364
4773,2024-06-30,83,Lamp,Home & Garden,1,1055,1055
4774,2024-06-22,816,Science Book,Books,1,1023,1023
4775,2024-08-18,1083,Jacket,Clothing,3,1432,4296
4776,2024-02-02,539,Fiction Book,Books,5,866,4330
4777,2024-04-10,1338,Fiction Book,Books,5,1622,8110
4778,2024-11-05,938,Fiction Book,Books,2,1821,3642
4779,2024-06-02,1309,Headphones,Electronics,4,1634,6536
4780,2024-10-23,298,Fiction Book,Books,2,1489,2978
4781,2024-12-25,97,Sofa,Home & Garden,1,1981,1981
4782,2024-08-01,1287,Sofa,Home & Garden,5,1637,8185
4783,2024-06-15,443,Science Book,Books,5,718,3590
4784,2024-03-07,1307,Chair,Home & Garden,3,301,903
4785,2024-07-03,1231,Mobile,Electronics,5,40,200
4786,2024-12-29,860,Mixer,Home & Garden,3,407,1221
4787,2024-08-07,1042,Mixer,Home & Garden,5,464,2320
4788,2024-06-16,405,History Book,Books,3,1022,3066
4789,2024-05-20,864,Football,Sports,4,1957,7828
4790,2024-07-09,1230,Fiction Book,Books,2,457,914
4791,2024-11-13,716,Biography,Books,2,1252,2504
4792,2024-06-07,970,Biography,Books,1,1420,1420
4793,2024-01-15,476,Mixer,Home & Garden,2,1898,3796
4794,2024-04-06,968,Tablet,Electronics,1,1267,1267
4795,2024-02-22,193,Cookware,Home & Garden,4,360,1440
4796,2024-10-19,312,Mobile,Electronics,4,562,2248
4797,2024-11-18,1434,Lamp,Home & Garden,2,773,1546
4798,2024-12-25,917,Jeans,Clothing,4,464,1856
4799,2024-02-16,367,Science Book,Books,3,16,48
4800,2024-12-07,389,Comics,Books,5,1804,9020
4801,2024-12-11,373,Headphones,Electronics,5,1709,8545
4802,2024-09-20,290,Cookware,Home & Garden,4,514,2056
4803,2024-02-04,1188,Dress,Clothing,4,754,3016
4804,2024-07-01,1060,Football,Sports,4,524,2096
4805,2024-11-14,794,Tablet,Electronics,5,408,2040
4806,2024-12-01,654,Mixer,Home & Garden,2,1543,3086
4807,2024-05-09,97,Yoga Mat,Sports,1,285,285
4808,2024-08-15,1331,Lamp,Home & Garden,5,1721,8605
4809,2024-03-13,1294,Jacket,Clothing,4,1800,7200
4810,2024-10-11,367,Football,Sports,1,414,414
4811,2024-11-06,403,Comics,Books,4,1066,4264
4812,2024-04-24,101,Dumbbells,Sports,1,593,593
4813,2024-12-11,574,T-Shirt,Clothing,3,492,1476
4814,2024-02-19,226,Mobile,Electronics,3,665,1995
4815,2024-12-16,524,Tennis Racket,Sports,2,1300,2600
4816,2024-10-25,291,Shoes,Clothing,4,1080,4320
4817,2024-07-23,450,Lamp,Home & Garden,1,500,500
4818,2024-09-11,1079,Biography,Books,4,476,1904
4819,2024-04-13,233,Tablet,Electronics,4,678,2712
4820,2024-12-28,338,Cricket Bat,Sports,2,497,994
4821,2024-09-14,1310,Football,Sports,1,820,820
4822,2024-12-10,1086,Dress,Clothing,4,1799,7196
4823,2024-03-09,60,Fiction Book,Books,3,363,1089
4824,2024-02-01,721,Tablet,Electronics,3,593,1779
4825,2024-04-21,1287,Sofa,Home & Garden,2,338,676
4826,2024-08-28,862,Sofa,Home & Garden,5,1072,5360
4827,2024-05-11,924,Laptop,Electronics,4,693,2772
4828,2024-10-08,120,Smartwatch,Electronics,5,1678,8390
4829,2024-07-31,1136,History Book,Books,2,506,1012
4830,2024-05-09,176,Fiction Book,Books,5,807,4035
4831,2024-12-02,658,History Book,Books,3,448,1344
4832,2024-02-06,110,Comics,Books,2,368,736
4833,2024-07-12,819,Mixer,Home & Garden,3,1530,4590
4834,2024-08-26,115,Tennis Racket,Sports,2,793,1586
4835,2024-06-25,13,Comics,Books,3,1180,3540
4836,2024-11-04,1041,Jacket,Clothing,2,466,932
4837,2024-11-17,1455,Lamp,Home & Garden,4,998,3992
4838,2024-10-02,1493,Chair,Home & Garden,3,1569,4707
4839,2024-04-26,800,Dress,Clothing,3,397,1191
4840,2024-08-21,1032,Laptop,Electronics,1,40,40
4841,2024-11-05,1185,Tablet,Electronics,2,207,414
4842,2024-02-20,852,Cricket Bat,Sports,2,705,1410
4843,2024-03-22,732,Lamp,Home & Garden,2,1527,3054
4844,2024-01-01,1317,Tablet,Electronics,4,179,716
4845,2024-03-03,895,Tablet,Electronics,5,309,1545
4846,2024-02-05,999,Comics,Books,2,1857,3714
4847,2024-07-01,947,T-Shirt,Clothing,2,851,1702
4848,2024-10-29,18,Dress,Clothing,2,1195,2390
4849,2024-08-01,10,Headphones,Electronics,4,1376,5504
4850,2024-08-11,11,Dress,Clothing,1,405,405
4851,2024-04-29,54,Jeans,Clothing,3,1226,3678
4852,2024-10-09,427,Comics,Books,2,508,1016
4853,2024-08-30,664,Tablet,Electronics,5,578,2890
4854,2024-12-24,995,Chair,Home & Garden,1,931,931
4855,2024-01-11,1406,Jeans,Clothing,1,1813,1813
4856,2024-07-30,269,Jeans,Clothing,5,1911,9555
4857,2024-01-31,586,Tablet,Electronics,5,865,4325
4858,2024-10-22,725,Cookware,Home & Garden,4,1192,4768
4859,2024-05-20,476,Cookware,Home & Garden,4,508,2032
4860,2024-08-01,335,Yoga Mat,Sports,3,950,2850
4861,2024-06-16,553,Biography,Books,3,232,696
4862,2024-10-31,748,History Book,Books,3,169,507
4863,2024-06-22,105,Chair,Home & Garden,3,1242,3726
4864,2024-11-21,575,Yoga Mat,Sports,2,876,1752
4865,2024-06-06,165,Fiction Book,Books,1,151,151
4866,2024-08-13,60,Yoga Mat,Sports,1,1305,1305
4867,2024-01-26,703,Yoga Mat,Sports,3,1125,3375
4868,2024-10-09,50,Yoga Mat,Sports,4,1202,4808
4869,2024-08-28,882,Dress,Clothing,5,1186,5930
4870,2024-11-01,1392,History Book,Books,5,589,2945
4871,2024-05-31,649,Laptop,Electronics,3,170,510
4872,2024-10-25,77,Comics,Books,5,1421,7105
4873,2024-06-24,151,Shoes,Clothing,5,1517,7585
4874,2024-07-03,516,Science Book,Books,3,1367,4101
4875,2024-02-16,896,Dress,Clothing,2,186,372
4876,2024-11-11,942,Football,Sports,5,800,4000
4877,2024-02-17,1181,Tennis Racket,Sports,5,1969,9845
4878,2024-06-03,535,Fiction Book,Books,5,1328,6640
4879,2024-04-03,1493,Yoga Mat,Sports,1,1286,1286
4880,2024-06-10,1270,Smartwatch,Electronics,5,1133,5665
4881,2024-06-19,1187,Lamp,Home & Garden,3,893,2679
4882,2024-12-01,669,Laptop,Electronics,1,303,303
4883,2024-04-22,1065,Laptop,Electronics,4,750,3000
4884,2024-05-06,1405,Dumbbells,Sports,4,1930,7720
4885,2024-02-27,1063,Lamp,Home & Garden,4,1911,7644
4886,2024-03-13,1102,Shoes,Clothing,1,76,76
4887,2024-07-09,1367,Smartwatch,Electronics,4,482,1928
4888,2024-11-29,592,Chair,Home & Garden,3,1445,4335
4889,2024-01-21,1148,Dress,Clothing,3,437,1311
4890,2024-07-28,694,Smartwatch,Electronics,5,310,1550
4891,2024-11-01,1198,Yoga Mat,Sports,4,244,976
4892,2024-01-06,1307,T-Shirt,Clothing,2,1922,3844
4893,2024-10-13,711,Comics,Books,2,444,888
4894,2024-09-04,273,Chair,Home & Garden,1,760,760
4895,2024-10-07,1032,Lamp,Home & Garden,1,965,965
4896,2024-10-10,399,Smartwatch,Electronics,1,1086,1086
4897,2024-12-27,194,Comics,Books,1,788,788
4898,2024-09-03,1064,Sofa,Home & Garden,2,472,944
4899,2024-07-16,311,Science Book,Books,3,1618,4854
4900,2024-08-30,42,Biography,Books,2,577,1154
4901,2024-08-24,280,Tennis Racket,Sports,5,563,2815
4902,2024-02-25,757,Chair,Home & Garden,2,1584,3168
4903,2024-05-16,207,Dress,Clothing,1,242,242
4904,2024-01-17,533,Smartwatch,Electronics,5,376,1880
4905,2024-07-29,310,Sofa,Home & Garden,1,1895,1895
4906,2024-12-19,1109,Cookware,Home & Garden,5,1836,9180
4907,2024-06-24,269,Biography,Books,4,890,3560
4908,2024-10-02,58,Tennis Racket,Sports,4,1752,7008
4909,2024-08-01,1362,Shoes,Clothing,2,555,1110
4910,2024-08-06,61,Fiction Book,Books,3,854,2562
4911,2024-01-18,1022,Chair,Home & Garden,2,1776,3552
4912,2024-08-22,677,Cookware,Home & Garden,3,840,2520
4913,2024-07-21,1228,Fiction Book,Books,4,181,724
4914,2024-09-17,1409,T-Shirt,Clothing,4,1651,6604
4915,2024-01-17,407,Biography,Books,3,1109,3327
4916,2024-02-10,87,Yoga Mat,Sports,2,1482,2964
4917,2024-11-12,755,Football,Sports,3,1376,4128
4918,2024-06-16,1291,Football,Sports,5,1108,5540
4919,2024-07-31,1191,Cricket Bat,Sports,5,384,1920
4920,2024-03-10,1006,Mixer,Home & Garden,4,571,2284
4921,2024-02-12,293,Laptop,Electronics,3,715,2145
4922,2024-08-13,633,Headphones,Electronics,3,185,555
4923,2024-10-06,298,History Book,Books,1,31,31
4924,2024-08-05,904,Science Book,Books,2,1834,3668
4925,2024-05-22,663,Cricket Bat,Sports,2,1483,2966
4926,2024-09-13,506,History Book,Books,5,1739,8695
4927,2024-06-17,1024,Dumbbells,Sports,3,1601,4803
4928,2024-08-21,178,Fiction Book,Books,1,1660,1660
4929,2024-10-08,528,Lamp,Home & Garden,4,365,1460
4930,2024-07-12,451,Smartwatch,Electronics,3,1822,5466
4931,2024-05-25,820,Yoga Mat,Sports,2,1909,3818
4932,2024-11-02,1060,Dress,Clothing,1,1686,1686
4933,2024-04-19,1048,Smartwatch,Electronics,2,1967,3934
4934,2024-04-22,81,Tennis Racket,Sports,4,701,2804
4935,2024-02-10,1305,Tennis Racket,Sports,1,286,286
4936,2024-05-12,603,Dress,Clothing,4,625,2500
4937,2024-01-20,249,Laptop,Electronics,1,1620,1620
4938,2024-03-03,579,History Book,Books,3,902,2706
4939,2024-07-06,362,Comics,Books,2,1536,3072
4940,2024-01-12,1031,Science Book,Books,1,1901,1901
4941,2024-02-07,720,T-Shirt,Clothing,4,709,2836
4942,2024-01-12,630,T-Shirt,Clothing,2,122,244
4943,2024-01-27,1448,Jeans,Clothing,1,1501,1501
4944,2024-09-13,1192,Headphones,Electronics,5,104,520
4945,2024-09-08,389,Yoga Mat,Sports,1,434,434
4946,2024-02-01,91,Sofa,Home & Garden,5,1187,5935
4947,2024-10-04,1056,Dumbbells,Sports,1,864,864
4948,2024-03-21,284,Dumbbells,Sports,2,595,1190
4949,2024-03-03,287,Dress,Clothing,3,1484,4452
4950,2024-09-19,730,Sofa,Home & Garden,1,288,288
4951,2024-10-11,492,Laptop,Electronics,4,1807,7228
4952,2024-06-17,1303,Tablet,Electronics,5,1253,6265
4953,2024-03-03,622,Chair,Home & Garden,5,129,645
4954,2024-09-15,1336,History Book,Books,1,243,243
4955,2024-04-21,1235,Yoga Mat,Sports,2,1029,2058
4956,2024-08-13,68,Smartwatch,Electronics,2,595,1190
4957,2024-03-11,462,Yoga Mat,Sports,2,1670,3340
4958,2024-02-08,1054,Jeans,Clothing,1,1908,1908
4959,2024-10-09,319,Smartwatch,Electronics,4,1304,5216
4960,2024-11-10,1004,Laptop,Electronics,3,123,369
4961,2024-09-07,416,Science Book,Books,4,1620,6480
4962,2024-12-30,1465,History Book,Books,5,644,3220
4963,2024-03-13,1493,Lamp,Home & Garden,5,1154,5770
4964,2024-10-11,926,Mixer,Home & Garden,5,1311,6555
4965,2024-07-27,1490,Sofa,Home & Garden,4,1998,7992
4966,2024-04-17,614,Cookware,Home & Garden,3,1800,5400
4967,2024-08-02,1344,History Book,Books,4,52,208
4968,2024-07-19,1028,Yoga Mat,Sports,1,1773,1773
4969,2024-05-02,640,Yoga Mat,Sports,2,33,66
4970,2024-02-02,1455,Lamp,Home & Garden,5,152,760
4971,2024-08-17,198,History Book,Books,4,1699,6796
4972,2024-01-17,1108,Yoga Mat,Sports,1,374,374
4973,2024-08-25,480,Yoga Mat,Sports,4,1200,4800
4974,2024-03-06,762,Tennis Racket,Sports,2,1985,3970
4975,2024-07-02,201,T-Shirt,Clothing,2,1476,2952
4976,2024-09-13,1,Cricket Bat,Sports,5,736,3680
4977,2024-04-29,854,Fiction Book,Books,5,1328,6640
4978,2024-02-23,785,Tennis Racket,Sports,3,1233,3699
4979,2024-02-12,562,Chair,Home & Garden,5,1511,7555
4980,2024-11-02,1190,Cookware,Home & Garden,1,38,38
4981,2024-05-01,191,Smartwatch,Electronics,1,91,91
4982,2024-12-20,141,Yoga Mat,Sports,2,1329,2658
4983,2024-11-17,1373,Football,Sports,3,46,138
4984,2024-01-10,805,Tennis Racket,Sports,3,1586,4758
4985,2024-10-09,953,History Book,Books,1,566,566
4986,2024-09-23,696,Fiction Book,Books,1,172,172
4987,2024-03-26,467,Dress,Clothing,4,1500,6000
4988,2024-10-12,1318,Jacket,Clothing,3,1985,5955
4989,2024-01-15,1280,Tennis Racket,Sports,3,1205,3615
4990,2024-12-29,887,Jeans,Clothing,4,1096,4384
4991,2024-10-10,1457,Headphones,Electronics,4,1341,5364
4992,2024-09-12,327,Fiction Book,Books,2,1886,3772
4993,2024-07-12,767,Shoes,Clothing,1,525,525
4994,2024-12-02,184,Headphones,Electronics,5,1736,8680
4995,2024-10-26,153,Science Book,Books,4,1378,5512
4996,2024-04-02,980,Football,Sports,5,1450,7250
4997,2024-08-11,1352,Cookware,Home & Garden,2,26,52
4998,2024-05-06,698,Tablet,Electronics,2,1250,2500
4999,2024-12-29,310,Cookware,Home & Garden,1,797,797
5000,2024-09-06,89,Cricket Bat,Sports,5,45,225
